part_number,title,description,toc_url,toc_url_status,pdf_url
e49072,Accounts Receivable Deductions Settlement Implementation Guide,This guide contains the referenced Enterprise Command Center content.,https://docs.oracle.com/cd/doc.122/e49072/toc.htm,ok,https://docs.oracle.com/cd/doc.122/e49072.pdf
e49074,Accounts Receivable Deductions Settlement User Guide,This guide contains the referenced Enterprise Command Center content.,https://docs.oracle.com/cd/doc.122/e49074/toc.htm,ok,https://docs.oracle.com/cd/doc.122/e49074.pdf
e48898,Advanced Collections Implementation Guide,This guide describes the implementation processes and procedures for Oracle Advanced Collections.,https://docs.oracle.com/cd/doc.122/e48898/toc.htm,ok,https://docs.oracle.com/cd/doc.122/e48898.pdf
e48897,Advanced Collections User Guide,This guide describes the user processes and procedures for Oracle Advanced Collections.,https://docs.oracle.com/cd/doc.122/e48897/toc.htm,ok,https://docs.oracle.com/cd/doc.122/e48897.pdf
e48781,Advanced Global Intercompany System User's Guide,This guide details the user procedures for Oracle E-Business Suite Advanced Global Intercompany System.,https://docs.oracle.com/cd/doc.122/e48781/toc.htm,ok,https://docs.oracle.com/cd/doc.122/e48781.pdf
e49095,Advanced Inbound Telephony Implementation Guide,This guide describes the implementation processes and procedures for Oracle Advanced Inbound Telephony.,https://docs.oracle.com/cd/doc.122/e49095/toc.htm,ok,https://docs.oracle.com/cd/doc.122/e49095.pdf
e49096,Advanced Outbound Telephony Implementation Guide,This guide describes the implementation processes and procedures for Oracle Advanced Outbound Telephony.,https://docs.oracle.com/cd/doc.122/e49096/toc.htm,ok,https://docs.oracle.com/cd/doc.122/e49096.pdf
e48757,Advanced Planning Command Center User's Guide,Presents Oracle Advanced Planning Command Center User's Guide.,https://docs.oracle.com/cd/doc.122/e48757/toc.htm,ok,https://docs.oracle.com/cd/doc.122/e48757.pdf
e48846,Advanced Pricing Implementation Guide,This guide details the procedures and processes for implementing Oracle Advanced Pricing.,https://docs.oracle.com/cd/doc.122/e48846/toc.htm,ok,https://docs.oracle.com/cd/doc.122/e48846.pdf
e48845,Advanced Pricing User's Guide,This guide details Oracle E-Business Suite Advanced Pricing.,https://docs.oracle.com/cd/doc.122/e48845/toc.htm,ok,https://docs.oracle.com/cd/doc.122/e48845.pdf
e49087,Advanced Scheduler User Guide,This document details the user processes and procedures for Oracle Advanced Scheduler.,https://docs.oracle.com/cd/doc.122/e49087/toc.htm,ok,https://docs.oracle.com/cd/doc.122/e49087.pdf
e48756,Advanced Supply Chain Planning Implementation and User's Guide,Presents Oracle Advanced Supply Chain Planning Implementation and User's Guide.,https://docs.oracle.com/cd/doc.122/e48756/toc.htm,ok,https://docs.oracle.com/cd/doc.122/e48756.pdf
e20930,Alert User's Guide,This guide explains how to define periodic and event alerts to monitor the status of your Oracle E-Business Suite data.,https://docs.oracle.com/cd/doc.122/e20930/toc.htm,ok,https://docs.oracle.com/cd/doc.122/e20930.pdf
e22031,Application Framework Personalization Guide,This guide covers the design-time and run-time aspects of personalizing applications built with Oracle Application Framework.,https://docs.oracle.com/cd/doc.122/e22031/toc.htm,ok,https://docs.oracle.com/cd/doc.122/e22031.pdf
e96000,Application Integration Architecture Oracle Value Chain Planning Integration Base Pack Implementation Guide,This direct integration initiative enhances JD Edwards EnterpriseOne technology to facilitate integration with current and future planning applications in the Oracle EBS Value Chain Planning Suite. This direct integration also provides PeopleSoft Enterprise Supply Chain Management integration with Demantra Demand Management.,https://docs.oracle.com/cd/doc.122/e96000/toc.htm,ok,https://docs.oracle.com/cd/doc.122/e96000.pdf
f32518,Application Management Pack for Oracle E-Business Suite Guide,This book is intended for administrators performing the tasks associated with maintaining an Oracle E-Business Suite system using the Oracle Application Management Pack for Oracle E-Business Suite.,https://docs.oracle.com/cd/doc.122/f32518/toc.htm,ok,https://docs.oracle.com/cd/doc.122/f32518.pdf
f83409,Application Management Pack for Oracle E-Business Suite Guide,This book is intended for administrators performing the tasks associated with maintaining an Oracle E-Business Suite system using the Oracle Application Management Pack for Oracle E-Business Suite.,https://docs.oracle.com/cd/doc.122/f83409/toc.htm,ok,https://docs.oracle.com/cd/doc.122/f83409.pdf
e80932,Application Management Pack for Oracle E-Business Suite Metric Reference Manual,This manual is a compilation of the metrics provided in Enterprise Manager Application Management Pack for Oracle E-Business Suite. Application Management Pack is a component of Application Management Suite or E-Business Suite Plug-in. This document is intended to describe metrics only for Application Management Pack for Oracle E-Business Suite and not for Real User Experience Insight (RUEI).,https://docs.oracle.com/cd/doc.122/e80932/toc.htm,ok,https://docs.oracle.com/cd/doc.122/e80932.pdf
e48755,Assets User Guide,Oracle Assets User Guide,https://docs.oracle.com/cd/doc.122/e48755/toc.htm,ok,https://docs.oracle.com/cd/doc.122/e48755.pdf
e48784,Bill Presentment Architecture User's Guide,Describes Oracle Bill Presentment Architecture User Procedures,https://docs.oracle.com/cd/doc.122/e48784/toc.htm,ok,https://docs.oracle.com/cd/doc.122/e48784.pdf
e48954,Bills of Material User's Guide,This guide describes the user processes and procedures for Oracle Bills of Material.,https://docs.oracle.com/cd/doc.122/e48954/toc.htm,ok,https://docs.oracle.com/cd/doc.122/e48954.pdf
e48792,Capacity User's Guide,NOT USED YET - 12.2.3 Release - GA Release November 2013.,https://docs.oracle.com/cd/doc.122/e48792/toc.htm,ok,https://docs.oracle.com/cd/doc.122/e48792.pdf
e48900,Cash Management User's Guide,This guide describes the user processes and procedures for Oracle Cash Management.,https://docs.oracle.com/cd/doc.122/e48900/toc.htm,ok,https://docs.oracle.com/cd/doc.122/e48900.pdf
e49077,Channel Rebate and Point-of-Sale Management User's Guide,This guide describes Oracle Channel Revenue Management.,https://docs.oracle.com/cd/doc.122/e49077/toc.htm,ok,https://docs.oracle.com/cd/doc.122/e49077.pdf
e49075,Channel Rebates and Point-of-Sale Management Implementation Guide,Describes implementation steps for Channel Rebate and Point-of-Sale Management.,https://docs.oracle.com/cd/doc.122/e49075/toc.htm,ok,https://docs.oracle.com/cd/doc.122/e49075.pdf
e49078,Channel Revenue Management Implementation and Administration Guide,Describes implementation steps for the Channel Revenue Management suite of products.,https://docs.oracle.com/cd/doc.122/e49078/toc.htm,ok,https://docs.oracle.com/cd/doc.122/e49078.pdf
e48758,Collaborative Planning Implementation and User's Guide,Presents Oracle Collaborative Planning Implementation and User's Guide.,https://docs.oracle.com/cd/doc.122/e48758/toc.htm,ok,https://docs.oracle.com/cd/doc.122/e48758.pdf
e48919,Common Application Calendar Implementation Guide,This guide describes the implementation processes and procedures for Oracle Common Application Calendar.,https://docs.oracle.com/cd/doc.122/e48919/toc.htm,ok,https://docs.oracle.com/cd/doc.122/e48919.pdf
e48920,Common Application Calendar User Guide,This guide describes the user processes and procedures for Oracle Common Application Calendar.,https://docs.oracle.com/cd/doc.122/e48920/toc.htm,ok,https://docs.oracle.com/cd/doc.122/e48920.pdf
e49039,"Complex Maintenance, Repair, and Overhaul User's Guide",This guide includes features for Release 12.2.15.,https://docs.oracle.com/cd/doc.122/e49039/toc.htm,ok,https://docs.oracle.com/cd/doc.122/e49039.pdf
e48811,Configurator Constraint Definition Language Guide,Release 12.2.2 - GA Release September 2013.,https://docs.oracle.com/cd/doc.122/e48811/toc.htm,ok,https://docs.oracle.com/cd/doc.122/e48811.pdf
e48812,Configurator Developer User's Guide,Release 12.2.2 - GA Release September 2013.,https://docs.oracle.com/cd/doc.122/e48812/toc.htm,ok,https://docs.oracle.com/cd/doc.122/e48812.pdf
e48813,Configurator Extensions and Interface Object Developer's Guide,Release 12.2.2 - GA Release September 2013.,https://docs.oracle.com/cd/doc.122/e48813/toc.htm,ok,https://docs.oracle.com/cd/doc.122/e48813.pdf
e48815,Configurator Fusion Configurator Engine Guide,Release 12.2.2 - GA Release September 2013.,https://docs.oracle.com/cd/doc.122/e48815/toc.htm,ok,https://docs.oracle.com/cd/doc.122/e48815.pdf
e48816,Configurator Implementation Guide,Release 12.2.14+,https://docs.oracle.com/cd/doc.122/e48816/toc.htm,ok,https://docs.oracle.com/cd/doc.122/e48816.pdf
e48817,Configurator Installation Guide,October 2025 CPU,https://docs.oracle.com/cd/doc.122/e48817/toc.htm,ok,https://docs.oracle.com/cd/doc.122/e48817.pdf
e48818,Configurator Modeling Guide,Release 12.2.2 - GA Release September 2013.,https://docs.oracle.com/cd/doc.122/e48818/toc.htm,ok,https://docs.oracle.com/cd/doc.122/e48818.pdf
e48832,Configure to Order Process Guide,This guide provides the processes for Configure to Order.,https://docs.oracle.com/cd/doc.122/e48832/toc.htm,ok,https://docs.oracle.com/cd/doc.122/e48832.pdf
e48921,Content Manager Implementation and Administration Guide,This guide describes the implementation and administration processes and procedures for Oracle Content Manager.,https://docs.oracle.com/cd/doc.122/e48921/toc.htm,ok,https://docs.oracle.com/cd/doc.122/e48921.pdf
e48935,Contract Lifecycle Management for Public Sector Implementation Guide,Oracle Contract Lifecycle Management for Public Sector implementation processes and procedures.,https://docs.oracle.com/cd/doc.122/e48935/toc.htm,ok,https://docs.oracle.com/cd/doc.122/e48935.pdf
e48938,Contract Lifecycle Management for Public Sector iProcurement User's Guide,Oracle Contract Lifecycle Management for Public Sector iProcurement user processes and procedures.,https://docs.oracle.com/cd/doc.122/e48938/toc.htm,ok,https://docs.oracle.com/cd/doc.122/e48938.pdf
e48934,Contract Lifecycle Management for Public Sector iSupplier Portal User Guide,"The CLM iSupplier Portal User Guide details supplier tasks, along with buyer-supplier interactions.",https://docs.oracle.com/cd/doc.122/e48934/toc.htm,ok,https://docs.oracle.com/cd/doc.122/e48934.pdf
e48927,Contract Lifecycle Management for Public Sector Purchasing User Guide,Oracle Contract Lifecylce Management for Public Sector Purchasing user processes and procedures.,https://docs.oracle.com/cd/doc.122/e48927/toc.htm,ok,https://docs.oracle.com/cd/doc.122/e48927.pdf
e48936,Contract Lifecycle Management for Public Sector Sourcing User's Guide,Oracle Contract Lifecycle Management for Public Sector Sourcing user processes and procedures.,https://docs.oracle.com/cd/doc.122/e48936/toc.htm,ok,https://docs.oracle.com/cd/doc.122/e48936.pdf
e48929,Contracts Implementation and Administration Guide,Describes implementation steps for Oracle Contracts suite of products.,https://docs.oracle.com/cd/doc.122/e48929/toc.htm,ok,https://docs.oracle.com/cd/doc.122/e48929.pdf
e48829,Cost Management User's Guide,This is the Oracle E-Business Suite Cost Management User's Guide for Release 12.2.,https://docs.oracle.com/cd/doc.122/e48829/toc.htm,ok,https://docs.oracle.com/cd/doc.122/e48829.pdf
e48901,Credit Management User's Guide,This guide describes the user processes and procedures for Oracle Credit Management.,https://docs.oracle.com/cd/doc.122/e48901/toc.htm,ok,https://docs.oracle.com/cd/doc.122/e48901.pdf
e48923,Customer Data Librarian Implementation Guide,Describes how to implement Oracle Customer Data Librarian after implementing Oracle Customers Online.,https://docs.oracle.com/cd/doc.122/e48923/h/uaework/tmp/archive/e48923/toc.htm,legacy_broken,https://docs.oracle.com/cd/E26401_01/doc.122/e48923.pdf
e48926,Customer Data Librarian User Guide,"Use Oracle Customer Data Librarian to maintain the quality of the Oracle Trading Community Architecture (TCA) Registry, the central repository of customer and other data that Oracle Customer Data Librarian and other applications in the Oracle E-Business Suite use.",https://docs.oracle.com/cd/doc.122/e48926/toc.htm,ok,https://docs.oracle.com/cd/doc.122/e48926.pdf
e48930,Customer Interaction History Implementation Guide,This guide includes implementation processes and procedures for Oracle Customer Interaction History.,https://docs.oracle.com/cd/doc.122/e48930/toc.htm,ok,https://docs.oracle.com/cd/doc.122/e48930.pdf
e48933,Customers Online Implementation Guide,"Provides specific implementation instructions for Oracle Customers Online, as well as administration instructions for using Oracle Trading Community Architecture with all Oracle e-Business Suite applications.",https://docs.oracle.com/cd/doc.122/e48933/h/uaework/tmp/archive/e48933/toc.htm,legacy_broken,https://docs.oracle.com/cd/E26401_01/doc.122/e48933.pdf
e48937,Customers Online User Guide,"Describes how Oracle Customers Online (OCO) users can view, create, and manage customer information.",https://docs.oracle.com/cd/doc.122/e48937/toc.htm,ok,https://docs.oracle.com/cd/doc.122/e48937.pdf
e48759,Demand Planning Implementation and User's Guide,Updates made per Doc Bug Fix.,https://docs.oracle.com/cd/doc.122/e48759/toc.htm,ok,https://docs.oracle.com/cd/doc.122/e48759.pdf
e48765,Demand Signal Repository User's Guide,This guide describes the processes and procedures for implementing and using Oracle Demand Signal Repository.,https://docs.oracle.com/cd/doc.122/e48765/toc.htm,ok,https://docs.oracle.com/cd/doc.122/e48765.pdf
e44444,Demantra Analytical Engine Guide,Presents Oracle Demantra Analytical Engine Guide.,https://docs.oracle.com/cd/doc.122/e44444/h/uaework/tmp/archive/e44444/toc.htm,legacy_broken,https://docs.oracle.com/cd/E26401_01/doc.122/e44444.pdf
e48801,Demantra Deduction and Settlement Management User's Guide,Presents Oracle Demantra Deduction and Settlement Management User's Guide.,https://docs.oracle.com/cd/doc.122/e48801/h/uaework/tmp/archive/e48801/toc.htm,legacy_broken,https://docs.oracle.com/cd/E26401_01/doc.122/e48801.pdf
e48802,Demantra Demand Management User's Guide,Presents Oracle Demantra Demand Management User's Guide.,https://docs.oracle.com/cd/doc.122/e48802/h/uaework/tmp/archive/e48802/toc.htm,legacy_broken,https://docs.oracle.com/cd/E26401_01/doc.122/e48802.pdf
e22232,Demantra Implementation Guide,Presents Oracle Demantra Implementation Guide.,https://docs.oracle.com/cd/doc.122/e22232/toc.htm,ok,https://docs.oracle.com/cd/doc.122/e22232.pdf
e22516,Demantra Installation Guide,Presents Oracle Demantra Installation Guide.,https://docs.oracle.com/cd/doc.122/e22516/toc.htm,ok,https://docs.oracle.com/cd/doc.122/e22516.pdf
e41575,Demantra Integration Guide,Presents Oracle Demantra Integration Guide.,https://docs.oracle.com/cd/doc.122/e41575/toc.htm,ok,https://docs.oracle.com/cd/doc.122/e41575.pdf
e22233,Demantra Predictive Trade Planning User's Guide,Presents Oracle Demantra Predictive Trade Planning User's Guide.,https://docs.oracle.com/cd/doc.122/e22233/h/uaework/tmp/archive/e22233/toc.htm,legacy_broken,https://docs.oracle.com/cd/E26401_01/doc.122/e22233.pdf
e48807,Demantra Real-Time Sales and Operations Planning User's Guide,Presents Oracle Demantra Real-Time Sales and Operations Planning User's Guide.,https://docs.oracle.com/cd/doc.122/e48807/h/uaework/tmp/archive/e48807/toc.htm,legacy_broken,https://docs.oracle.com/cd/E26401_01/doc.122/e48807.pdf
e49182,Demantra Security Guide,Presents Oracle Demantra Security Guide.,https://docs.oracle.com/cd/doc.122/e49182/h/uaework/tmp/archive/e49182/toc.htm,legacy_broken,https://docs.oracle.com/cd/E26401_01/doc.122/e49182.pdf
e22751,Demantra System Requirements,Presents Oracle Demantra System Requirements.,https://docs.oracle.com/cd/doc.122/e22751/toc.htm,ok,https://docs.oracle.com/cd/doc.122/e22751.pdf
e22231,Demantra User's Guide,Presents Oracle Demantra User's Guide.,https://docs.oracle.com/cd/doc.122/e22231/toc.htm,ok,https://docs.oracle.com/cd/doc.122/e22231.pdf
e48963,Depot Repair Implementation Guide,"Provides information on the required setup steps, specific implementation tasks, public APIs, seeded lookup codes and values, update programs and workflows for Oracle Depot Repair.",https://docs.oracle.com/cd/doc.122/e48963/toc.htm,ok,https://docs.oracle.com/cd/doc.122/e48963.pdf
e48965,Depot Repair User's Guide,"Provides information on key concepts, features, process flows, and user interface of Oracle Depot Repair, and the tasks that can be performed from quick services like routine maintenance to complex overhauls, as part of an enterprise-wide solution for managing depot business processes.",https://docs.oracle.com/cd/doc.122/e48965/toc.htm,ok,https://docs.oracle.com/cd/doc.122/e48965.pdf
e22959,Diagnostics Framework User's Guide,Describes how to use the infrastructure of Oracle Diagnostics Framework in Oracle E-Business Suite.,https://docs.oracle.com/cd/doc.122/e22959/toc.htm,ok,https://docs.oracle.com/cd/doc.122/e22959.pdf
f34732,E-Business Suite Administering Enterprise Command Centers,Describes various tools and features of Oracle Enterprise Command Center Framework that can be used to manage and monitor Enterprise Command Centers.,https://docs.oracle.com/cd/doc.122/f34732/toc.htm,ok,https://docs.oracle.com/cd/doc.122/f34732.pdf
f35809,E-Business Suite Cloud Manager Guide,This guide describes how to manage Oracle E-Business Suite environments on Oracle Cloud Infrastructure (OCI) using the automated tooling in Oracle E-Business Suite Cloud Manager.,https://docs.oracle.com/cd/doc.122/f35809/toc.htm,ok,https://docs.oracle.com/cd/doc.122/f35809.pdf
e22949,E-Business Suite Concepts,Describes the Oracle E-Business Suite architecture and components.,https://docs.oracle.com/cd/doc.122/e22949/toc.htm,ok,https://docs.oracle.com/cd/doc.122/e22949.pdf
e22960,E-Business Suite CRM System Administrator's Guide,Describes the CRM System Administration Console in Oracle E-Business Suite.,https://docs.oracle.com/cd/doc.122/e22960/toc.htm,ok,https://docs.oracle.com/cd/doc.122/e22960.pdf
e22005,E-Business Suite Desktop Integration Framework Developer's Guide,Describes how to define custom integrators for use with Oracle Web Applications Desktop Integrator.,https://docs.oracle.com/cd/doc.122/e22005/toc.htm,ok,https://docs.oracle.com/cd/doc.122/e22005.pdf
e22961,E-Business Suite Developer's Guide,Describes procedures for custom development in Oracle E-Business Suite.,https://docs.oracle.com/cd/doc.122/e22961/toc.htm,ok,https://docs.oracle.com/cd/doc.122/e22961.pdf
f53031,E-Business Suite Electronic Technical Reference Manual User's Guide,This guide describes how to use the electronic repository of Oracle E-Business Suite database object definitions and their dependency information.,https://docs.oracle.com/cd/doc.122/f53031/toc.htm,ok,https://docs.oracle.com/cd/doc.122/f53031.pdf
f21671,E-Business Suite Extending Enterprise Command Centers,Highlights important aspects of ECC architecture and the anatomy of an ECC dashboard and details the possible extension scenarios that can be achieved.,https://docs.oracle.com/cd/doc.122/f21671/toc.htm,ok,https://docs.oracle.com/cd/doc.122/f21671.pdf
e22963,E-Business Suite Flexfields Guide,Describes the flexfields feature in Oracle E-Business Suite.,https://docs.oracle.com/cd/doc.122/e22963/toc.htm,ok,https://docs.oracle.com/cd/doc.122/e22963.pdf
f58859,E-Business Suite G-Invoicing Process Guide,This guide describes the processes and procedures for using Oracle E-Business Suite G-Invoicing.,https://docs.oracle.com/cd/doc.122/f58859/toc.htm,ok,https://docs.oracle.com/cd/doc.122/f58859.pdf
e79121,E-Business Suite Information Discovery Plus Integration and System Administration Guide,Oracle E-Business Suite Information Discovery Plus Integration and System Administration Guide,https://docs.oracle.com/cd/doc.122/e79121/toc.htm,ok,https://docs.oracle.com/cd/doc.122/e79121.pdf
e22950,E-Business Suite Installation Guide: Using Rapid Install,Describes how to install Oracle E-Business Suite.,https://docs.oracle.com/cd/doc.122/e22950/toc.htm,ok,https://docs.oracle.com/cd/doc.122/e22950.pdf
e20927,E-Business Suite Integrated SOA Gateway Developer's Guide,"This guide describes how integration developers can perform end-to-end service integration activities, and how to invoke web services using the Service Invocation Framework.",https://docs.oracle.com/cd/doc.122/e20927/toc.htm,ok,https://docs.oracle.com/cd/doc.122/e20927.pdf
e20925,E-Business Suite Integrated SOA Gateway Implementation Guide,"This guide explains how integration administrators can manage and administer the web service activities for integration interfaces. It also includes how to manage Web service security, configure logs, and monitor SOAP messages.",https://docs.oracle.com/cd/doc.122/e20925/toc.htm,ok,https://docs.oracle.com/cd/doc.122/e20925.pdf
e20923,E-Business Suite Integrated SOA Gateway User's Guide,"This guide describes the high level service enablement process, explaining how users can browse and view the integration interface definitions and services residing in Oracle Integration Repository.",https://docs.oracle.com/cd/doc.122/e20923/toc.htm,ok,https://docs.oracle.com/cd/doc.122/e20923.pdf
e22954,E-Business Suite Maintenance Guide,Describes how to perform patching and other Oracle E-Business Suite maintenance operations.,https://docs.oracle.com/cd/doc.122/e22954/toc.htm,ok,https://docs.oracle.com/cd/doc.122/e22954.pdf
e64384,E-Business Suite Mobile Apps Administrator's Guide,"This guide describes how to set up an Oracle E-Business Suite instance to support connections from Oracle E-Business Suite mobile apps. It also describes common administrative tasks for configuring Oracle E-Business Suite mobile apps, as well as the logging and troubleshooting information.",https://docs.oracle.com/cd/doc.122/e64384/toc.htm,ok,https://docs.oracle.com/cd/doc.122/e64384.pdf
e69284,E-Business Suite Mobile Apps Developer's Guide,This guide describes how to develop enterprise-distributed mobile apps by using mobile application archive (MAA) files and how to implement corporate branding. It also explains how to implement Oracle E-Business Suite REST services to develop custom mobile apps by using the Login component from Oracle E-Business Suite Mobile Foundation or using any mobile app development framework if desired.,https://docs.oracle.com/cd/doc.122/e69284/toc.htm,ok,https://docs.oracle.com/cd/doc.122/e69284.pdf
e48833,E-Business Suite Multiple Oraganizations Implementation Guide,This guide provides information on configuring multiple organizations in Oracle E-Business Suite.,https://docs.oracle.com/cd/doc.122/e48833/toc.htm,ok,https://docs.oracle.com/cd/doc.122/e48833.pdf
e48810,E-Business Suite Oracle Asset Tracking Implementation Guide,This guide details the implementation procedures and considerations for Oracle Asset Tracking.,https://docs.oracle.com/cd/doc.122/e48810/toc.htm,ok,https://docs.oracle.com/cd/doc.122/e48810.pdf
e48803,E-Business Suite Oracle Asset Tracking User's Guide,This guide details the user procedures for Oracle Asset Tracking.,https://docs.oracle.com/cd/doc.122/e48803/toc.htm,ok,https://docs.oracle.com/cd/doc.122/e48803.pdf
e49040,"E-Business Suite Oracle Complex Maintenance, Repair, and Overhaul Implementation Guide",This guide includes 12.2.15 updates.,https://docs.oracle.com/cd/doc.122/e49040/toc.htm,ok,https://docs.oracle.com/cd/doc.122/e49040.pdf
e49035,"E-Business Suite Oracle Complex Maintenance, Repair, and Overhaul Process Guide",This guide includes Release 12.2.15 features and enhancements.,https://docs.oracle.com/cd/doc.122/e49035/toc.htm,ok,https://docs.oracle.com/cd/doc.122/e49035.pdf
e49052,E-Business Suite Oracle E-Records Implementation Guide,This guide describes the implementation processes and procedures for Oracle E-Records as of Release 12.2.16.,https://docs.oracle.com/cd/doc.122/e49052/toc.htm,ok,https://docs.oracle.com/cd/doc.122/e49052.pdf
e48782,E-Business Suite Oracle Enterprise Asset Management Implementation Guide,This guide details the concepts and procedures for implementing Oracle Enterprise Asset Management for Release 12.2.16.,https://docs.oracle.com/cd/doc.122/e48782/toc.htm,ok,https://docs.oracle.com/cd/doc.122/e48782.pdf
e48789,E-Business Suite Oracle Enterprise Asset Management User's Guide,This guide details the user concepts and procedures for using Oracle Enterprise Asset Management. This version contains updates as of Release 12.2.16.,https://docs.oracle.com/cd/doc.122/e48789/toc.htm,ok,https://docs.oracle.com/cd/doc.122/e48789.pdf
e49038,E-Business Suite Oracle Installed Base Implementation Guide,Contains updates to the Oracle Installed Base Implementation Guide for Release 12.2.16.,https://docs.oracle.com/cd/doc.122/e49038/toc.htm,ok,https://docs.oracle.com/cd/doc.122/e49038.pdf
e49036,E-Business Suite Oracle Installed Base User's Guide,This user's guide describes the processes and procedures to use Oracle Installed Base. This version contains updates for Release 12.2.16.,https://docs.oracle.com/cd/doc.122/e49036/toc.htm,ok,https://docs.oracle.com/cd/doc.122/e49036.pdf
e48911,E-Business Suite Oracle Site Hub User's Guide,This guide provides user concepts and processes for Oracle Site Hub as of Release 12.2.14.,https://docs.oracle.com/cd/doc.122/e48911/toc.htm,ok,https://docs.oracle.com/cd/doc.122/e48911.pdf
e22952,E-Business Suite Security Guide,"Provides information on a comprehensive range of security-related topics, including access control, user management, function security, data security, secure configuration, and auditing. It also describes how Oracle E-Business Suite can be integrated into a single sign-on environment.",https://docs.oracle.com/cd/doc.122/e22952/toc.htm,ok,https://docs.oracle.com/cd/doc.122/e22952.pdf
e22953,E-Business Suite Setup Guide,"Provides information on system configuration tasks that are carried out either after installation or whenever there is a significant change to the system. The activities described include defining concurrent programs and managers, enabling Oracle Applications Manager features, and setting up printers and online help.",https://docs.oracle.com/cd/doc.122/e22953/toc.htm,ok,https://docs.oracle.com/cd/doc.122/e22953.pdf
e87011,E-Business Suite Upgrade Guide Release 11i to 12.2 Upgrade Guide,This is the new re-write and new structure for the Release 11i to 12.2 Upgrade Guide.,https://docs.oracle.com/cd/doc.122/e87011/toc.htm,ok,https://docs.oracle.com/cd/doc.122/e87011.pdf
e73540,E-Business Suite Upgrade Guide Release 12.0 and 12.1 to 12.2 Upgrade Guide,This guide contains upgrade information from,https://docs.oracle.com/cd/doc.122/e73540/toc.htm,ok,https://docs.oracle.com/cd/doc.122/e73540.pdf
e22955,E-Business Suite User Interface Standards for Forms-Based Products,Contains the user interface (UI) standards for Oracle E-Business Suite Forms-based products.,https://docs.oracle.com/cd/doc.122/e22955/toc.htm,ok,https://docs.oracle.com/cd/doc.122/e22955.pdf
e22956,E-Business Suite User's Guide,Describes the Oracle E-Business Suite user interface.,https://docs.oracle.com/cd/doc.122/e22956/toc.htm,ok,https://docs.oracle.com/cd/doc.122/e22956.pdf
e48750,E-Business Tax Implementation Guide,This guide provides implementer and administration concepts and processes for Oracle E-Business Suite Tax.,https://docs.oracle.com/cd/doc.122/e48750/toc.htm,ok,https://docs.oracle.com/cd/doc.122/e48750.pdf
e48752,E-Business Tax Reporting Guide,The Oracle E-Business Tax Reporting Guide contains reporting information for Oracle E-Business Tax.,https://docs.oracle.com/cd/doc.122/e48752/toc.htm,ok,https://docs.oracle.com/cd/doc.122/e48752.pdf
e48751,E-Business Tax User's Guide,This guide details the user concepts and procedures for using Oracle E-Business Suite Tax.,https://docs.oracle.com/cd/doc.122/e48751/toc.htm,ok,https://docs.oracle.com/cd/doc.122/e48751.pdf
e48753,E-Business Tax: Vertex Q-Series and Taxware Sales/Use Tax System Implementation Guide,This guide provides implementer or administration concepts and processes for Oracle E-Business Tax: Vertex Q-Series and Taxware Sales/Use Tax System.,https://docs.oracle.com/cd/doc.122/e48753/toc.htm,ok,https://docs.oracle.com/cd/doc.122/e48753.pdf
e20932,e-Commerce Gateway Implementation Guide,"This guide describes required setup steps and provides architecture guidelines for transaction interface files. It also includes troubleshooting information, and how to customize EDI transactions.",https://docs.oracle.com/cd/doc.122/e20932/toc.htm,ok,https://docs.oracle.com/cd/doc.122/e20932.pdf
e20931,e-Commerce Gateway User's Guide,This guide describes the functionality of Oracle e-Commerce Gateway and the setup steps in order for Oracle E-Business Suite to conduct business with trading partners through Electronic Data Interchange (EDI).,https://docs.oracle.com/cd/doc.122/e20931/toc.htm,ok,https://docs.oracle.com/cd/doc.122/e20931.pdf
e49049,Electronic Kanban User's Guide,This guide provides user processes and procedures for Oracle Electronic Kanban.,https://docs.oracle.com/cd/doc.122/e49049/toc.htm,ok,https://docs.oracle.com/cd/doc.122/e49049.pdf
e49104,Email Center Implementation Guide,This guide describes the implementer and administrator concepts and procedures for Oracle Email Center.,https://docs.oracle.com/cd/doc.122/e49104/toc.htm,ok,https://docs.oracle.com/cd/doc.122/e49104.pdf
e49105,Email Center User Guide,This guide provides user concepts and procedures for Oracle Email Center.,https://docs.oracle.com/cd/doc.122/e49105/toc.htm,ok,https://docs.oracle.com/cd/doc.122/e49105.pdf
e48939,Engineering User's Guide,This guide presents the user processes and procedures for Oracle Engineering.,https://docs.oracle.com/cd/doc.122/e48939/toc.htm,ok,https://docs.oracle.com/cd/doc.122/e48939.pdf
e48800,Environmental Accounting and Reporting User's Guide,This guide details the user procedures for Oracle E-Business Suite Environmental Accounting and Reporting.,https://docs.oracle.com/cd/doc.122/e48800/toc.htm,ok,https://docs.oracle.com/cd/doc.122/e48800.pdf
e49088,Field Service Implementation Guide,This guide provides information about Oracle Field Service implementation.,https://docs.oracle.com/cd/doc.122/e49088/toc.htm,ok,https://docs.oracle.com/cd/doc.122/e49088.pdf
e49089,Field Service User Guide,This guide provides information on using the various features of the Oracle Field Service application.,https://docs.oracle.com/cd/doc.122/e49089/toc.htm,ok,https://docs.oracle.com/cd/doc.122/e49089.pdf
e48859,Financial Services Implementation Guide,Oracle Financial Services Implementation Guide,https://docs.oracle.com/cd/doc.122/e48859/toc.htm,ok,https://docs.oracle.com/cd/doc.122/e48859.pdf
e48860,Financial Services Reference Guide,Oracle Financial Services Reference Guide,https://docs.oracle.com/cd/doc.122/e48860/toc.htm,ok,https://docs.oracle.com/cd/doc.122/e48860.pdf
e48861,Financial Services Reporting Administration Guide,Oracle Financial Services Reporting Administration Guide,https://docs.oracle.com/cd/doc.122/e48861/toc.htm,ok,https://docs.oracle.com/cd/doc.122/e48861.pdf
e48831,Financials Accounting Hub Implementation Guide,Describes Oracle Financials Accounting Hub Implementation Procedures,https://docs.oracle.com/cd/doc.122/e48831/toc.htm,ok,https://docs.oracle.com/cd/doc.122/e48831.pdf
e48754,Financials and Oracle Procurement Functional Upgrade Guide: Release 11i to Release 12,For future update.,https://docs.oracle.com/cd/doc.122/e48754/toc.htm,ok,https://docs.oracle.com/cd/doc.122/e48754.pdf
e48836,Financials Concepts Guide,This guide describes concepts in Oracle Financials.,https://docs.oracle.com/cd/doc.122/e48836/toc.htm,ok,https://docs.oracle.com/cd/doc.122/e48836.pdf
e48769,Financials Country-Specific Installation Supplement,Supplemental documentation for Oracle Financials,https://docs.oracle.com/cd/doc.122/e48769/toc.htm,ok,https://docs.oracle.com/cd/doc.122/e48769.pdf
e48762,Financials for Asia/Pacific User's Guide,This guide describes the usage of Oracle E-Business Suite Financials for Asia/Pacific.,https://docs.oracle.com/cd/doc.122/e48762/h/uaework/tmp/archive/e48762/toc.htm,legacy_broken,https://docs.oracle.com/cd/E26401_01/doc.122/e48762.pdf
e48767,Financials for Europe User Guide,Oracle® Financials for Europe User Guide,https://docs.oracle.com/cd/doc.122/e48767/toc.htm,ok,https://docs.oracle.com/cd/doc.122/e48767.pdf
e48780,Financials for India Implementation Guide,Oracle Financials for India Implementation and procedures,https://docs.oracle.com/cd/doc.122/e48780/toc.htm,ok,https://docs.oracle.com/cd/doc.122/e48780.pdf
e48779,Financials for India User's Guide,Oracle Financials for India User instructions and procedures,https://docs.oracle.com/cd/doc.122/e48779/toc.htm,ok,https://docs.oracle.com/cd/doc.122/e48779.pdf
e48764,Financials for the Americas User's Guide,This guide details the user procedures for Oracle E-Business Suite Financials for the Americas.,https://docs.oracle.com/cd/doc.122/e48764/toc.htm,ok,https://docs.oracle.com/cd/doc.122/e48764.pdf
e48783,Financials Implementation Guide,Oracle Financials Implementation Guide,https://docs.oracle.com/cd/doc.122/e48783/toc.htm,ok,https://docs.oracle.com/cd/doc.122/e48783.pdf
e48772,Financials RXi Reports Administration Tool User Guide,Details Oracle Financials RXi Reports Administration Tool user processes and procedures.,https://docs.oracle.com/cd/doc.122/e48772/toc.htm,ok,https://docs.oracle.com/cd/doc.122/e48772.pdf
e48907,Flow Manufacturing User's Guide,This guide describes the user processes and procedures for Oracle Flow Manufacturing.,https://docs.oracle.com/cd/doc.122/e48907/toc.htm,ok,https://docs.oracle.com/cd/doc.122/e48907.pdf
e50740,Functional Testing Flow Builder Starter Pack Reference Guide for E-Business Suite Release 12.2.7,Describes the test flows available with the Oracle Functional Testing Flow Builder application Starter Pack of the Functional Testing Suite for E-Business applications.,https://docs.oracle.com/cd/doc.122/e50740/toc.htm,ok,https://docs.oracle.com/cd/doc.122/e50740.pdf
e56948,Functional Testing Suite Advanced Pack for Oracle E-Business Suite - Asset Lifecycle Management Guide,"This guide describes the prerequisites, profile options, and data requirements to execute functional testing flows for Oracle Asset Lifecycle Management.",https://docs.oracle.com/cd/doc.122/e56948/toc.htm,ok,https://docs.oracle.com/cd/doc.122/e56948.pdf
e56955,Functional Testing Suite Advanced Pack for Oracle E-Business Suite - Discrete Manufacturing Reference Guide,"This guide describes the prerequisites, profile options, and data requirements to execute functional testing flows for Oracle Discrete Manufacturing.",https://docs.oracle.com/cd/doc.122/e56955/toc.htm,ok,https://docs.oracle.com/cd/doc.122/e56955.pdf
e56959,Functional Testing Suite Advanced Pack for Oracle E-Business Suite - Incentive Compensation Reference Guide,"This guide describes the prerequisites, profile options, and data requirements to execute functional testing flows for Oracle Incentive Compensation.",https://docs.oracle.com/cd/doc.122/e56959/toc.htm,ok,https://docs.oracle.com/cd/doc.122/e56959.pdf
e89328,Functional Testing Suite Advanced Pack for Oracle E-Business Suite - Interfaces Reference Guide,"Provides information on the Advance Pack of Functional Testing Suite for Oracle E-Business Suite, Release 12.1.3 - Interfaces, which is delivered as part of the Oracle Flow Builder module.",https://docs.oracle.com/cd/doc.122/e89328/toc.htm,ok,https://docs.oracle.com/cd/doc.122/e89328.pdf
e56958,Functional Testing Suite Advanced Pack for Oracle E-Business Suite - Lease and Finance Management Reference Guide,"This guide describes the prerequisites, profile options, and data requirements to execute functional testing flows for Oracle Lease and Finance Management.",https://docs.oracle.com/cd/doc.122/e56958/toc.htm,ok,https://docs.oracle.com/cd/doc.122/e56958.pdf
e56961,Functional Testing Suite Advanced Pack for Oracle E-Business Suite - Process Manufacturing Reference Guide,"This guide describes the prerequisites, profile options, and data requirements to execute functional testing flows for Oracle Process Manufacturing.",https://docs.oracle.com/cd/doc.122/e56961/toc.htm,ok,https://docs.oracle.com/cd/doc.122/e56961.pdf
e56964,Functional Testing Suite Advanced Pack for Oracle E-Business Suite - Procurement Reference Guide,"This guide describes the prerequisites, profile options, and data requirements to execute functional testing flows for Oracle Procurement.",https://docs.oracle.com/cd/doc.122/e56964/toc.htm,ok,https://docs.oracle.com/cd/doc.122/e56964.pdf
e56960,Functional Testing Suite Advanced Pack for Oracle E-Business Suite - Project Management Reference Guide,"This guide describes the prerequisites, profile options, and data requirements to execute functional testing flows for Oracle Project Management.",https://docs.oracle.com/cd/doc.122/e56960/toc.htm,ok,https://docs.oracle.com/cd/doc.122/e56960.pdf
e56963,Functional Testing Suite Advanced Pack for Oracle E-Business Suite - Property Manager Reference Guide,"This guide describes the prerequisites, profile options, and data requirements to execute functional testing flows for Oracle Property Manager.",https://docs.oracle.com/cd/doc.122/e56963/toc.htm,ok,https://docs.oracle.com/cd/doc.122/e56963.pdf
e56965,Functional Testing Suite Advanced Pack for Oracle E-Business Suite - Service Reference Guide,"This guide describes the prerequisites, profile options, and data requirements to execute functional testing flows for Oracle Service.",https://docs.oracle.com/cd/doc.122/e56965/toc.htm,ok,https://docs.oracle.com/cd/doc.122/e56965.pdf
e56949,Functional Testing Suite for Oracle Applications - Channel Revenue Management Reference Guide,"This guide describes the prerequisites, profile options, and data requirements to execute functional testing flows for Oracle Channel Revenue Management.",https://docs.oracle.com/cd/doc.122/e56949/toc.htm,ok,https://docs.oracle.com/cd/doc.122/e56949.pdf
e48747,General Ledger Implementation Guide,This guide offers implementation and setup information for Oracle General Ledger. It also contains reference to Enterprise Command Center.,https://docs.oracle.com/cd/doc.122/e48747/toc.htm,ok,https://docs.oracle.com/cd/doc.122/e48747.pdf
e48749,General Ledger Reference Guide,This guide contains reference material for Oracle General Ledger.,https://docs.oracle.com/cd/doc.122/e48749/toc.htm,ok,https://docs.oracle.com/cd/doc.122/e48749.pdf
e48748,General Ledger User's Guide,This guide includes user specific processes for Oracle General Ledger. It also contains reference to Enterprise Command Center.,https://docs.oracle.com/cd/doc.122/e48748/toc.htm,ok,https://docs.oracle.com/cd/doc.122/e48748.pdf
e48770,Global Order Promising Implementation and User's Guide,Presents Oracle Global Order Promising Implementation and User's Guide.,https://docs.oracle.com/cd/doc.122/e48770/toc.htm,ok,https://docs.oracle.com/cd/doc.122/e48770.pdf
e49015,Grants Accounting User Guide,Provides the information to implement and use Oracle Grants Accounting.,https://docs.oracle.com/cd/doc.122/e49015/h/uaework/tmp/archive/e49015/toc.htm,legacy_broken,https://docs.oracle.com/cd/E26401_01/doc.122/e49015.pdf
e59054,HRMS Approvals Management Implementation Guide,Describes approval rules that determine the approval processes for Oracle applications.,https://docs.oracle.com/cd/doc.122/e59054/toc.htm,ok,https://docs.oracle.com/cd/doc.122/e59054.pdf
f17361,HRMS China Supplement Guide,This supplement provides the localization specific details for Oracle HRMS (China),https://docs.oracle.com/cd/doc.122/f17361/toc.htm,ok,https://docs.oracle.com/cd/doc.122/f17361.pdf
e59091,HRMS Compensation and Benefits Management Guide (AUSTRALIA),"Provides information on how to use Oracle HRMS to manage your total compensation package, setting up earnings and deductions for payroll processing, managing leave and absences, and reporting on compensation across your enterprise.",https://docs.oracle.com/cd/doc.122/e59091/toc.htm,ok,https://docs.oracle.com/cd/doc.122/e59091.pdf
e59086,HRMS Compensation and Benefits Management Guide (CANADA),Oracle HRMS Compensation and Benefits Management Guide (CANADA),https://docs.oracle.com/cd/doc.122/e59086/toc.htm,ok,https://docs.oracle.com/cd/doc.122/e59086.pdf
e59097,HRMS Compensation and Benefits Management Guide (INDIA),"Provides information on how to use Oracle HRMS to manage your total compensation package, setting up earnings and deductions for payroll processing, managing leave and absences, and reporting on compensation across your enterprise.",https://docs.oracle.com/cd/doc.122/e59097/toc.htm,ok,https://docs.oracle.com/cd/doc.122/e59097.pdf
e59101,HRMS Compensation and Benefits Management Guide (MEXICO),Oracle HRMS Compensation and Benefits Management Guide (MEXICO),https://docs.oracle.com/cd/doc.122/e59101/toc.htm,ok,https://docs.oracle.com/cd/doc.122/e59101.pdf
e59108,HRMS Compensation and Benefits Management Guide (New Zealand),"Provides information on how to use Oracle HRMS to manage your total compensation package, setting up earnings and deductions for payroll processing, managing leave and absences, and reporting on compensation across your enterprise.",https://docs.oracle.com/cd/doc.122/e59108/toc.htm,ok,https://docs.oracle.com/cd/doc.122/e59108.pdf
e76108,HRMS Compensation and Benefits Management Guide (UK),Learn how to use Oracle HRMS to manage your total compensation package.,https://docs.oracle.com/cd/doc.122/e76108/toc.htm,ok,https://docs.oracle.com/cd/doc.122/e76108.pdf
e59076,HRMS Compensation and Benefits Management Guide (US),Oracle HRMS Compensation and Benefits Management Guide (US),https://docs.oracle.com/cd/doc.122/e59076/toc.htm,ok,https://docs.oracle.com/cd/doc.122/e59076.pdf
e59055,HRMS Compensation and Benefits Management Guide User's Guide,Oracle HRMS Compensation and Benefits Management Guide,https://docs.oracle.com/cd/doc.122/e59055/toc.htm,ok,https://docs.oracle.com/cd/doc.122/e59055.pdf
e59056,"HRMS Configuring, Reporting, and System Administration Guide","This guide provides information about extending and configuring Oracle HRMS, managing security, auditing, and information access.",https://docs.oracle.com/cd/doc.122/e59056/toc.htm,ok,https://docs.oracle.com/cd/doc.122/e59056.pdf
f17842,HRMS Denmark Supplement,This supplement provides the localization specific details for Oracle HRMS (Denmark ),https://docs.oracle.com/cd/doc.122/f17842/toc.htm,ok,https://docs.oracle.com/cd/doc.122/f17842.pdf
e59092,HRMS Enterprise and Workforce Management Guide (Australia),Provides information on how to use Oracle HRMS to represent your enterprise.,https://docs.oracle.com/cd/doc.122/e59092/toc.htm,ok,https://docs.oracle.com/cd/doc.122/e59092.pdf
e59087,HRMS Enterprise and Workforce Management Guide (CANADA),Oracle HRMS Enterprise and Workforce Management Guide (CANADA),https://docs.oracle.com/cd/doc.122/e59087/toc.htm,ok,https://docs.oracle.com/cd/doc.122/e59087.pdf
e59098,HRMS Enterprise and Workforce Management Guide (INDIA),Provides information on how to use Oracle HRMS to represent your enterprise.,https://docs.oracle.com/cd/doc.122/e59098/toc.htm,ok,https://docs.oracle.com/cd/doc.122/e59098.pdf
e59103,HRMS Enterprise and Workforce Management Guide (MEXICO),Oracle HRMS Enterprise and Workforce Management Guide (MEXICO),https://docs.oracle.com/cd/doc.122/e59103/toc.htm,ok,https://docs.oracle.com/cd/doc.122/e59103.pdf
e59109,HRMS Enterprise and Workforce Management Guide (New Zealand),Provides information on how to use Oracle HRMS to represent your enterprise.,https://docs.oracle.com/cd/doc.122/e59109/toc.htm,ok,https://docs.oracle.com/cd/doc.122/e59109.pdf
e76109,HRMS Enterprise and Workforce Management Guide (UK),"Learn how to use Oracle HRMS to represent your enterprise. This includes setting up your organization hierarchy, recording details about jobs and positions within your enterprise, defining person types to represent your workforce, and also how to manage your budgets and costs.",https://docs.oracle.com/cd/doc.122/e76109/toc.htm,ok,https://docs.oracle.com/cd/doc.122/e76109.pdf
e59077,HRMS Enterprise and Workforce Management Guide (US),Oracle HRMS Enterprise and Workforce Management Guide (US),https://docs.oracle.com/cd/doc.122/e59077/toc.htm,ok,https://docs.oracle.com/cd/doc.122/e59077.pdf
e59057,HRMS Enterprise and Workforce Management Guide,"Discusses how to use Oracle HRMS to represent enterprises, which includes setting up organization hierarchy, recording details about jobs and positions within enterprises, defining person types to represent workforce, and how to manage budgets and costs",https://docs.oracle.com/cd/doc.122/e59057/toc.htm,ok,https://docs.oracle.com/cd/doc.122/e59057.pdf
e59058,HRMS FastFormula User Guide,"Describes different uses of Oracle FastFormula, rules and techniques that you should employ when defining and amending formulas for use with Oracle applications.",https://docs.oracle.com/cd/doc.122/e59058/toc.htm,ok,https://docs.oracle.com/cd/doc.122/e59058.pdf
f17843,HRMS Finland Supplement,This supplement provides the localization specific details for Oracle HRMS (Finland),https://docs.oracle.com/cd/doc.122/f17843/toc.htm,ok,https://docs.oracle.com/cd/doc.122/f17843.pdf
f17844,HRMS France Supplement,This supplement provides the localization specific details for Oracle HRMS (France),https://docs.oracle.com/cd/doc.122/f17844/toc.htm,ok,https://docs.oracle.com/cd/doc.122/f17844.pdf
f17845,HRMS Germany Supplement,This supplement provides the localization specific details for Oracle HRMS (Germany),https://docs.oracle.com/cd/doc.122/f17845/toc.htm,ok,https://docs.oracle.com/cd/doc.122/f17845.pdf
f17362,HRMS Hong Kong Supplement Guide,This supplement provides localization specific details for Oracle HRMS (Hong Kong),https://docs.oracle.com/cd/doc.122/f17362/toc.htm,ok,https://docs.oracle.com/cd/doc.122/f17362.pdf
f17846,HRMS Hungary Supplement,This supplement provides the localization specific details for Oracle HRMS (Hungary),https://docs.oracle.com/cd/doc.122/f17846/toc.htm,ok,https://docs.oracle.com/cd/doc.122/f17846.pdf
e59088,HRMS Implementation Guide (CANADA),Oracle HRMS Implementation Guide (CANADA),https://docs.oracle.com/cd/doc.122/e59088/toc.htm,ok,https://docs.oracle.com/cd/doc.122/e59088.pdf
e59105,HRMS Implementation Guide (MEXICO),Oracle HRMS Implementation Guide (MEXICO),https://docs.oracle.com/cd/doc.122/e59105/toc.htm,ok,https://docs.oracle.com/cd/doc.122/e59105.pdf
e76110,HRMS Implementation Guide (UK),Learn about the setup procedures you need to carry out in order to implement Oracle HRMS successfully in your enterprise.,https://docs.oracle.com/cd/doc.122/e76110/toc.htm,ok,https://docs.oracle.com/cd/doc.122/e76110.pdf
e59078,HRMS Implementation Guide (US),Oracle HRMS Implementation Guide (US),https://docs.oracle.com/cd/doc.122/e59078/toc.htm,ok,https://docs.oracle.com/cd/doc.122/e59078.pdf
e59059,HRMS Implementation Guide,Discusses the setup procedures to implement Oracle HRMS. This guide includes information about setting up Oracle Human Resources Command Center.,https://docs.oracle.com/cd/doc.122/e59059/toc.htm,ok,https://docs.oracle.com/cd/doc.122/e59059.pdf
f17847,HRMS Ireland Supplement,This supplement provides the localization specific details for Oracle HRMS (Ireland),https://docs.oracle.com/cd/doc.122/f17847/toc.htm,ok,https://docs.oracle.com/cd/doc.122/f17847.pdf
f17363,HRMS Japan Supplement Guide,This supplement provides the localization specific details for Oracle HRMS (Japan),https://docs.oracle.com/cd/doc.122/f17363/toc.htm,ok,https://docs.oracle.com/cd/doc.122/f17363.pdf
f17364,HRMS Korea Supplement Guide,This supplement provides the localization specific details for Oracle HRMS (Korea),https://docs.oracle.com/cd/doc.122/f17364/toc.htm,ok,https://docs.oracle.com/cd/doc.122/f17364.pdf
f17849,HRMS Kuwait Supplement,This supplement provides the localization specific details for Oracle HRMS (Kuwait),https://docs.oracle.com/cd/doc.122/f17849/toc.htm,ok,https://docs.oracle.com/cd/doc.122/f17849.pdf
f17850,HRMS Netherlands Supplement,This supplement provides the localization specific details for Oracle HRMS (Netherlands),https://docs.oracle.com/cd/doc.122/f17850/toc.htm,ok,https://docs.oracle.com/cd/doc.122/f17850.pdf
f17851,HRMS Norway Supplement,This supplement provides the localization specific details for Oracle HRMS (Norway),https://docs.oracle.com/cd/doc.122/f17851/toc.htm,ok,https://docs.oracle.com/cd/doc.122/f17851.pdf
e59093,HRMS Payroll Processing Management Guide (AUSTRALIA),"Provides information on taxes and social insurance, the payroll run, and other processes for Oracle HRMS for Australia.",https://docs.oracle.com/cd/doc.122/e59093/toc.htm,ok,https://docs.oracle.com/cd/doc.122/e59093.pdf
e59089,HRMS Payroll Processing Management Guide (CANADA),Oracle HRMS Payroll Processing Management Guide (CANADA),https://docs.oracle.com/cd/doc.122/e59089/toc.htm,ok,https://docs.oracle.com/cd/doc.122/e59089.pdf
e59099,HRMS Payroll Processing Management Guide (INDIA),"Provides information on how to use Oracle HRMS with taxes and social insurance, the payroll run, and other processes.",https://docs.oracle.com/cd/doc.122/e59099/toc.htm,ok,https://docs.oracle.com/cd/doc.122/e59099.pdf
e59106,HRMS Payroll Processing Management Guide (MEXICO),Oracle HRMS Payroll Processing Management Guide (MEXICO),https://docs.oracle.com/cd/doc.122/e59106/toc.htm,ok,https://docs.oracle.com/cd/doc.122/e59106.pdf
e59110,HRMS Payroll Processing Management Guide (New Zealand),"Provides information on taxes and social insurance, the payroll run, and other processes.",https://docs.oracle.com/cd/doc.122/e59110/toc.htm,ok,https://docs.oracle.com/cd/doc.122/e59110.pdf
e76111,HRMS Payroll Processing Management Guide (UK),"Learn about wage attachments, taxes and social insurance, the payroll run, and other processes.",https://docs.oracle.com/cd/doc.122/e76111/toc.htm,ok,https://docs.oracle.com/cd/doc.122/e76111.pdf
e59079,HRMS Payroll Processing Management Guide (US),Oracle HRMS Payroll Processing Management Guide (US),https://docs.oracle.com/cd/doc.122/e59079/toc.htm,ok,https://docs.oracle.com/cd/doc.122/e59079.pdf
e59060,HRMS Payroll Processing Management Guide,"Provides information on taxes and social insurance, the payroll run, and other processes.",https://docs.oracle.com/cd/doc.122/e59060/toc.htm,ok,https://docs.oracle.com/cd/doc.122/e59060.pdf
f17852,HRMS Poland Supplement,This supplement provides the localization specific details for Oracle HRMS (Poland),https://docs.oracle.com/cd/doc.122/f17852/toc.htm,ok,https://docs.oracle.com/cd/doc.122/f17852.pdf
f17853,HRMS Romania Supplement,This supplement provides the localization specific details for Oracle HRMS (Romania),https://docs.oracle.com/cd/doc.122/f17853/toc.htm,ok,https://docs.oracle.com/cd/doc.122/f17853.pdf
f17854,HRMS Russia Supplement,This supplement provides the localization specific details for Oracle HRMS (Russia),https://docs.oracle.com/cd/doc.122/f17854/toc.htm,ok,https://docs.oracle.com/cd/doc.122/f17854.pdf
f17855,HRMS Saudi Arabia Supplement,This supplement provides the localization specific details for Oracle HRMS (Saudi Arabia),https://docs.oracle.com/cd/doc.122/f17855/toc.htm,ok,https://docs.oracle.com/cd/doc.122/f17855.pdf
f17365,HRMS Singapore Supplement Guide,This supplement provides localization specific details for Oracle HRMS (Singapore).,https://docs.oracle.com/cd/doc.122/f17365/toc.htm,ok,https://docs.oracle.com/cd/doc.122/f17365.pdf
f17856,HRMS South Africa Supplement,This supplement provides the localization specific details for Oracle HRMS (South Africa),https://docs.oracle.com/cd/doc.122/f17856/toc.htm,ok,https://docs.oracle.com/cd/doc.122/f17856.pdf
f17857,HRMS Spain Supplement,This supplement provides the localization specific details for Oracle HRMS (Spain),https://docs.oracle.com/cd/doc.122/f17857/toc.htm,ok,https://docs.oracle.com/cd/doc.122/f17857.pdf
f17858,HRMS Sweden Supplement,This supplement provides the localization specific details for Oracle HRMS (Sweden),https://docs.oracle.com/cd/doc.122/f17858/toc.htm,ok,https://docs.oracle.com/cd/doc.122/f17858.pdf
f17859,HRMS UAE Supplement,This supplement provides the localization specific details for Oracle HRMS (UAE),https://docs.oracle.com/cd/doc.122/f17859/toc.htm,ok,https://docs.oracle.com/cd/doc.122/f17859.pdf
e59061,HRMS Window Navigation and Report Guide,Oracle HRMS Window Navigation and Reports Guide,https://docs.oracle.com/cd/doc.122/e59061/toc.htm,ok,https://docs.oracle.com/cd/doc.122/e59061.pdf
e59090,"HRMS Workforce Sourcing, Deployment, and Talant Management Guide (CANADA)","Oracle HRMS Workforce Sourcing, Deployment, and Talant Management Guide (CANADA)",https://docs.oracle.com/cd/doc.122/e59090/toc.htm,ok,https://docs.oracle.com/cd/doc.122/e59090.pdf
e59094,"HRMS Workforce Sourcing, Deployment, and Talent Management Guide (AUSTRALIA)","Provides information on how to use Oracle HRMS to represent your workforce which includes recruiting new workers, developing their careers, managing contingent workers, and reporting.",https://docs.oracle.com/cd/doc.122/e59094/toc.htm,ok,https://docs.oracle.com/cd/doc.122/e59094.pdf
e59100,"HRMS Workforce Sourcing, Deployment, and Talent Management Guide (INDIA)","Provides information on how to use Oracle HRMS to represent your workforce which includes recruiting new workers, developing their careers, managing contingent workers, and reporting.",https://docs.oracle.com/cd/doc.122/e59100/toc.htm,ok,https://docs.oracle.com/cd/doc.122/e59100.pdf
e59107,"HRMS Workforce Sourcing, Deployment, and Talent Management Guide (MEXICO)","Oracle HRMS Workforce Sourcing, Deployment, and Talent Management Guide (MEXICO)",https://docs.oracle.com/cd/doc.122/e59107/toc.htm,ok,https://docs.oracle.com/cd/doc.122/e59107.pdf
e59111,"HRMS Workforce Sourcing, Deployment, and Talent Management Guide (New Zealand)","Provides information on how to use Oracle HRMS to represent your workforce which includes recruiting new workers, developing their careers, managing contingent workers, and reporting.",https://docs.oracle.com/cd/doc.122/e59111/toc.htm,ok,https://docs.oracle.com/cd/doc.122/e59111.pdf
e76112,"HRMS Workforce Sourcing, Deployment, and Talent Management Guide (UK)","Learn how to use Oracle HRMS to represent your workforce. This includes recruiting new workers, developing their careers, managing contingent workers, and reporting on your workforce.",https://docs.oracle.com/cd/doc.122/e76112/toc.htm,ok,https://docs.oracle.com/cd/doc.122/e76112.pdf
e59080,"HRMS Workforce Sourcing, Deployment, and Talent Management Guide (US)","Oracle HRMS Workforce Sourcing, Deployment, and Talent Management Guide (US)",https://docs.oracle.com/cd/doc.122/e59080/toc.htm,ok,https://docs.oracle.com/cd/doc.122/e59080.pdf
e59062,"HRMS Workforce Sourcing, Deployment, and Talent Management Guide","Learn how to use Oracle HRMS to represent your workforce. This includes recruiting new workers, developing their careers, managing contingent workers, and reporting on your workforce. Includes details about the Oracle Human Resources Command Center.",https://docs.oracle.com/cd/doc.122/e59062/toc.htm,ok,https://docs.oracle.com/cd/doc.122/e59062.pdf
e48865,Human Resources Management System Deploy Strategic Reporting (HRMSi) Guide,Implement and administer Oracle Human Resources Management Systems Intelligence HRMSi),https://docs.oracle.com/cd/doc.122/e48865/toc.htm,ok,https://docs.oracle.com/cd/doc.122/e48865.pdf
e48869,Human Resources Management System Strategic Reporting (HRMSi) User's Guide,Provides information about workforce intelligence Discoverer workbooks,https://docs.oracle.com/cd/doc.122/e48869/toc.htm,ok,https://docs.oracle.com/cd/doc.122/e48869.pdf
e48773,iAssets User Guide,This guide describes user concepts and processes for Oracle iAssets.,https://docs.oracle.com/cd/doc.122/e48773/toc.htm,ok,https://docs.oracle.com/cd/doc.122/e48773.pdf
e52281,In-Memory Consumption-Driven Planning User's Guide,Presents Oracle In-Memory Consumption-Driven Planning.,https://docs.oracle.com/cd/doc.122/e52281/h/uaework/tmp/archive/e52281/toc.htm,legacy_broken,https://docs.oracle.com/cd/E26401_01/doc.122/e52281.pdf
e53484,In-Memory Cost Management for Discrete Industries User's Guide,This guide provides user concepts and procedures for Oracle In-Memory Cost Management for Discrete Industries.,https://docs.oracle.com/cd/doc.122/e53484/toc.htm,ok,https://docs.oracle.com/cd/doc.122/e53484.pdf
e53485,In-Memory Cost Management for Process Industries User's Guide,This guide provides user concepts and procedures for Oracle In-Memory Cost Management for Process Industries.,https://docs.oracle.com/cd/doc.122/e53485/toc.htm,ok,https://docs.oracle.com/cd/doc.122/e53485.pdf
e52287,In-Memory Performance-Driven Planning Systems Guide,Release 12.2.4 - GA Release August 2014 - First documentation release in 12.2.x branch,https://docs.oracle.com/cd/doc.122/e52287/toc.htm,ok,https://docs.oracle.com/cd/doc.122/e52287.pdf
e49152,Incentive Compensation Analytics for Oracle Data Integrator User and Implementation Guide,"This guide provides you with the information regarding the reporting and analysis framework that enables compensation managers, compensation analysts, plan administrators, and sales managers to access/view relevant and accurate information using dashboards and reports.",https://docs.oracle.com/cd/doc.122/e49152/h/uaework/tmp/archive/e49152/toc.htm,legacy_broken,https://docs.oracle.com/cd/E26401_01/doc.122/e49152.pdf
e49153,Incentive Compensation Implementation Guide,This guide provides implementation processes and considerations for Oracle Incentive Compensation.,https://docs.oracle.com/cd/doc.122/e49153/toc.htm,ok,https://docs.oracle.com/cd/doc.122/e49153.pdf
e49154,Incentive Compensation User Guide,"You can use the Oracle Incentive Compensation to learn about payments and compensation plans to employees, partners, and customers.",https://docs.oracle.com/cd/doc.122/e49154/toc.htm,ok,https://docs.oracle.com/cd/doc.122/e49154.pdf
e49098,Interaction Blending Implementation Guide,This guide describes the implementation processes and procedures for Oracle Interaction Blending.,https://docs.oracle.com/cd/doc.122/e49098/toc.htm,ok,https://docs.oracle.com/cd/doc.122/e49098.pdf
e49100,Interaction Center Server Manager Implementation Guide,This guide describes the implementation processes and procedures for Oracle Interaction Center Service Manager.,https://docs.oracle.com/cd/doc.122/e49100/toc.htm,ok,https://docs.oracle.com/cd/doc.122/e49100.pdf
e48899,Internet Expenses Implementation and Administration Guide,This guide describes the implementation and administration processes and procedures for Oracle Internet Expenses.,https://docs.oracle.com/cd/doc.122/e48899/toc.htm,ok,https://docs.oracle.com/cd/doc.122/e48899.pdf
e48822,Inventory Consigned Inventory From Supplier Process Guide,This guide details the process of using Oracle Inventory Consigned Inventory.,https://docs.oracle.com/cd/doc.122/e48822/toc.htm,ok,https://docs.oracle.com/cd/doc.122/e48822.pdf
e48823,Inventory Copy Inventory Organization Implementation Guide,This guide presents the processes and procedures for Oracle Inventory Copy Inventory Organization.,https://docs.oracle.com/cd/doc.122/e48823/toc.htm,ok,https://docs.oracle.com/cd/doc.122/e48823.pdf
e48820,Inventory Management User's Guide,This guide contains conceptual and procedural information for Oracle Inventory. Includes information about the Oracle Inventory Management Command Center.,https://docs.oracle.com/cd/doc.122/e48820/toc.htm,ok,https://docs.oracle.com/cd/doc.122/e48820.pdf
e48799,Inventory Management,"This guide is designed for users, administrators, and implementers, of the Oracle Landed Cost Management application.",https://docs.oracle.com/cd/doc.122/e48799/toc.htm,ok,https://docs.oracle.com/cd/doc.122/e48799.pdf
e48824,Inventory Movement Statistics User's Guide,This guide describes the processes and procedures for using Oracle Inventory Movement Statistics. This guide also contains the content updates for the Movement Statistics Enterprise Command Center Dashboards.,https://docs.oracle.com/cd/doc.122/e48824/toc.htm,ok,https://docs.oracle.com/cd/doc.122/e48824.pdf
e48774,Inventory Optimization User's Guide,Presents Oracle Inventory Optimization User's Guide.,https://docs.oracle.com/cd/doc.122/e48774/toc.htm,ok,https://docs.oracle.com/cd/doc.122/e48774.pdf
e48969,iProcurement Implementation and Administration Guide,This guide contains implementation and administration processes and procedures for Oracle iProcurement.,https://docs.oracle.com/cd/doc.122/e48969/toc.htm,ok,https://docs.oracle.com/cd/doc.122/e48969.pdf
e48970,iProcurement User's Guide,Oracle iProcurement user processes and procedures.,https://docs.oracle.com/cd/doc.122/e48970/toc.htm,ok,https://docs.oracle.com/cd/doc.122/e48970.pdf
e48858,iReceivables Implementation Guide,This guide describes the implementation processes and procedures for Oracle iReceivables.,https://docs.oracle.com/cd/doc.122/e48858/toc.htm,ok,https://docs.oracle.com/cd/doc.122/e48858.pdf
e59063,iRecruitment Implementation and User Guide,Describes how to set up and use Oracle iRecruitment to manage recruitment needs.,https://docs.oracle.com/cd/doc.122/e59063/toc.htm,ok,https://docs.oracle.com/cd/doc.122/e59063.pdf
e22957,iSetup Developer's Guide,Describes APIs that can be used with Oracle iSetup in Oracle E-Business Suite.,https://docs.oracle.com/cd/doc.122/e22957/toc.htm,ok,https://docs.oracle.com/cd/doc.122/e22957.pdf
e22958,iSetup User's Guide,Describes the usage of Oracle iSetup in Oracle E-Business Suite.,https://docs.oracle.com/cd/doc.122/e22958/toc.htm,ok,https://docs.oracle.com/cd/doc.122/e22958.pdf
e49076,iStore Implementation and Administration Guide,This guide describes the implementation and administration procedures for Oracle iStore.,https://docs.oracle.com/cd/doc.122/e49076/toc.htm,ok,https://docs.oracle.com/cd/doc.122/e49076.pdf
e49073,iStore Quick Reference Guide,This guide offers quick reference to Oracle iStore.,https://docs.oracle.com/cd/doc.122/e49073/toc.htm,ok,https://docs.oracle.com/cd/doc.122/e49073.pdf
e48971,iSupplier Portal Implementation Guide,Oracle iSupplier Portal processes and procedures.,https://docs.oracle.com/cd/doc.122/e48971/toc.htm,ok,https://docs.oracle.com/cd/doc.122/e48971.pdf
e48972,iSupplier Portal User's Guide,Oracle iSupplier Portal procedures for transactions between buyers and suppliers.,https://docs.oracle.com/cd/doc.122/e48972/toc.htm,ok,https://docs.oracle.com/cd/doc.122/e48972.pdf
e49101,iSupport Implementation and Administration Guide,This guide describes the implementation and administration processes and procedures for Oracle iSupport.,https://docs.oracle.com/cd/doc.122/e49101/toc.htm,ok,https://docs.oracle.com/cd/doc.122/e49101.pdf
e49102,Knowledge Management Implementation and Administration Guide,This guide provides implementation and administration concepts and procedures for Oracle Knowledge Management.,https://docs.oracle.com/cd/doc.122/e49102/toc.htm,ok,https://docs.oracle.com/cd/doc.122/e49102.pdf
e49103,Knowledge Management User's Guide,This guide describes the user processes and procedures for Oracle Knowledge Management.,https://docs.oracle.com/cd/doc.122/e49103/toc.htm,ok,https://docs.oracle.com/cd/doc.122/e49103.pdf
e59069,Labor Distribution User Guide,Oracle Labor Distribution User Guide,https://docs.oracle.com/cd/doc.122/e59069/toc.htm,ok,https://docs.oracle.com/cd/doc.122/e59069.pdf
e49030,Leads Management Implementation and Administration Guide,This guide details the implementation processes and procedures for Oracle Leads Management.,https://docs.oracle.com/cd/doc.122/e49030/toc.htm,ok,https://docs.oracle.com/cd/doc.122/e49030.pdf
e59065,Learning Management Implementation Guide,Discusses how to implement OLM,https://docs.oracle.com/cd/doc.122/e59065/toc.htm,ok,https://docs.oracle.com/cd/doc.122/e59065.pdf
e59064,Learning Management User's Guide,Describes how to use OLM to accomplish online and offline learning goals.,https://docs.oracle.com/cd/doc.122/e59064/toc.htm,ok,https://docs.oracle.com/cd/doc.122/e59064.pdf
e48777,Lease and Finance Management Implementation Guide,This guide provides conceptual overviews and detailed procedures for implementing Oracle Lease and Finance Management.,https://docs.oracle.com/cd/doc.122/e48777/toc.htm,ok,https://docs.oracle.com/cd/doc.122/e48777.pdf
e48775,Lease and Finance Management User's Guide,This guide details the user processes and conceptual information for Oracle Lease and Finance Management.,https://docs.oracle.com/cd/doc.122/e48775/toc.htm,ok,https://docs.oracle.com/cd/doc.122/e48775.pdf
e48863,Loans User Guide,This guide describes the user procedures for Oracle Loans.,https://docs.oracle.com/cd/doc.122/e48863/toc.htm,ok,https://docs.oracle.com/cd/doc.122/e48863.pdf
e48906,Manufacturing Execution System for Discrete Manufacturing User's Guide,This guide provides user concepts and procedures for Oracle Manufacturing Execution System for Discrete Manufacturing.,https://docs.oracle.com/cd/doc.122/e48906/toc.htm,ok,https://docs.oracle.com/cd/doc.122/e48906.pdf
e49057,Manufacturing Execution System for Process Manufacturing User's Guide,This book provides information about Manufacturing Execution System for Process Manufacturing.,https://docs.oracle.com/cd/doc.122/e49057/toc.htm,ok,https://docs.oracle.com/cd/doc.122/e49057.pdf
e48945,Manufacturing Operations Center Implementation Guide,This guide describes the implementation processes and procedures for Oracle Manufacturing Operations Center.,https://docs.oracle.com/cd/doc.122/e48945/toc.htm,ok,https://docs.oracle.com/cd/doc.122/e48945.pdf
e48947,Manufacturing Operations Center User's Guide,Provides step-by-step procedures on how to use Oracle Manufacturing Operations Center.,https://docs.oracle.com/cd/doc.122/e48947/toc.htm,ok,https://docs.oracle.com/cd/doc.122/e48947.pdf
e48794,Manufacturing Scheduling User's Guide,12.2.2 Release - GA Release March 2013.,https://docs.oracle.com/cd/doc.122/e48794/toc.htm,ok,https://docs.oracle.com/cd/doc.122/e48794.pdf
e48951,Manufacturing: Implementing Oracle E-Records in Discrete Manufacturing Guide,This guide provides implementation and administration concepts and procedures for Oracle E-Records in Discrete Manufacturing.,https://docs.oracle.com/cd/doc.122/e48951/toc.htm,ok,https://docs.oracle.com/cd/doc.122/e48951.pdf
e49024,Marketing Implementation Guide,This guide describes the implementation processes and procedures for Oracle Marketing.,https://docs.oracle.com/cd/doc.122/e49024/toc.htm,ok,https://docs.oracle.com/cd/doc.122/e49024.pdf
e49025,Marketing User Guide,This guide describes the user processes and procedures for Oracle Marketing.,https://docs.oracle.com/cd/doc.122/e49025/toc.htm,ok,https://docs.oracle.com/cd/doc.122/e49025.pdf
e48994,Mobile Field Service Implementation Guide,"Describes how implementation engineers, system administrators, and any other administrator-level users can implement and/or administer Oracle Mobile Field Service",https://docs.oracle.com/cd/doc.122/e48994/toc.htm,ok,https://docs.oracle.com/cd/doc.122/e48994.pdf
e48996,Mobile Field Service User's Guide,Describes how field service engineers/technicians use Oracle Mobile field Service,https://docs.oracle.com/cd/doc.122/e48996/toc.htm,ok,https://docs.oracle.com/cd/doc.122/e48996.pdf
e49055,Mobile Supply Chain Applications for Oracle Process Manufacturing User's Guide,Provides information for Oracle Mobile Supply Chain Applications.,https://docs.oracle.com/cd/doc.122/e49055/toc.htm,ok,https://docs.oracle.com/cd/doc.122/e49055.pdf
e48825,Mobile Supply Chain Applications Implementation Guide,This guide details the implementation processes and procedures for Oracle Mobile Supply Chain Applications.,https://docs.oracle.com/cd/doc.122/e48825/toc.htm,ok,https://docs.oracle.com/cd/doc.122/e48825.pdf
e48826,Mobile Supply Chain Applications User's Guide,This guide describes the processes and procedures for using Oracle Mobile Supply Chain Applications.,https://docs.oracle.com/cd/doc.122/e48826/toc.htm,ok,https://docs.oracle.com/cd/doc.122/e48826.pdf
e48795,MRP User's Guide,Oracle E-Business Suite Material Requirements Planning (MRP) User's Guide,https://docs.oracle.com/cd/doc.122/e48795/toc.htm,ok,https://docs.oracle.com/cd/doc.122/e48795.pdf
e49148,Number Portability Concepts and Procedures,This guide provides the concepts and procedures for Oracle Number Portability.,https://docs.oracle.com/cd/doc.122/e49148/toc.htm,ok,https://docs.oracle.com/cd/doc.122/e49148.pdf
e48993,One-to-One Fulfillment Implementation Guide,This guide details the implementation processes and procedures for Oracle One-to-One Fulfillment.,https://docs.oracle.com/cd/doc.122/e48993/toc.htm,ok,https://docs.oracle.com/cd/doc.122/e48993.pdf
e48842,Order Management Implementation Manual,Oracle Order Management implementation processes and procedures.,https://docs.oracle.com/cd/doc.122/e48842/toc.htm,ok,https://docs.oracle.com/cd/doc.122/e48842.pdf
e48843,Order Management User's Guide,Oracle Order Management user processes and procedures.,https://docs.oracle.com/cd/doc.122/e48843/toc.htm,ok,https://docs.oracle.com/cd/doc.122/e48843.pdf
e48844,Order Management Using Oracle Workflow in Oracle Order Management Guide,Using Oracle Workflow in Oracle Order Management for installation and configuration.,https://docs.oracle.com/cd/doc.122/e48844/toc.htm,ok,https://docs.oracle.com/cd/doc.122/e48844.pdf
e48953,Outsourced Manufacturing User's Guide,"Provides information for users, administrators, and implementers of the Oracle Outsourced Manufacturing application for Discrete, Seiban-Based, and Process Manufacturing.",https://docs.oracle.com/cd/doc.122/e48953/toc.htm,ok,https://docs.oracle.com/cd/doc.122/e48953.pdf
e49027,Partner Management Implementation and Administration Guide,This guide details the implementation and administration processes and procedures for Oracle Partner Management.,https://docs.oracle.com/cd/doc.122/e49027/toc.htm,ok,https://docs.oracle.com/cd/doc.122/e49027.pdf
e49028,Partner Management Vendor User Guide,This guide details the user processes and procedures for Oracle Partner Management Vendor.,https://docs.oracle.com/cd/doc.122/e49028/toc.htm,ok,https://docs.oracle.com/cd/doc.122/e49028.pdf
e48761,Payables Implementation Guide,Describes Oracle Payables Implementation Procedures,https://docs.oracle.com/cd/doc.122/e48761/toc.htm,ok,https://docs.oracle.com/cd/doc.122/e48761.pdf
e48763,Payables Reference Guide,Describes Oracle Payables Reference Materials,https://docs.oracle.com/cd/doc.122/e48763/h/uaework/tmp/archive/e48763/toc.htm,legacy_broken,https://docs.oracle.com/cd/E26401_01/doc.122/e48763.pdf
e48760,Payables User's Guide,Describes Oracle Payables User Instruction and Procedures,https://docs.oracle.com/cd/doc.122/e48760/toc.htm,ok,https://docs.oracle.com/cd/doc.122/e48760.pdf
e48768,Payments Implementation Guide,Describes Oracle Payments Implementation Procedures,https://docs.oracle.com/cd/doc.122/e48768/toc.htm,ok,https://docs.oracle.com/cd/doc.122/e48768.pdf
e48766,Payments User's Guide,Describes Oracle Payments User Instructions and Procedures,https://docs.oracle.com/cd/doc.122/e48766/toc.htm,ok,https://docs.oracle.com/cd/doc.122/e48766.pdf
e59067,Performance Management Implementation and User Guide,Provides information on how to set up and use performance management functions.,https://docs.oracle.com/cd/doc.122/e59067/toc.htm,ok,https://docs.oracle.com/cd/doc.122/e59067.pdf
e48942,Price Protection Implementation Guide,This guide describes the implementation processes and procedures for Oracle Price Protection.,https://docs.oracle.com/cd/doc.122/e48942/toc.htm,ok,https://docs.oracle.com/cd/doc.122/e48942.pdf
e49017,Price Protection User Guide,This guide describes the user processes and procedures for Oracle Price Protection.,https://docs.oracle.com/cd/doc.122/e49017/toc.htm,ok,https://docs.oracle.com/cd/doc.122/e49017.pdf
e49061,Process Manufacturing Cost Management User's Guide,This guide includes information about cost management for Process Manufacturing.,https://docs.oracle.com/cd/doc.122/e49061/toc.htm,ok,https://docs.oracle.com/cd/doc.122/e49061.pdf
e49068,Process Manufacturing Process Execution User's Guide,Provides information about Process Execution for Process Manufacturing.,https://docs.oracle.com/cd/doc.122/e49068/toc.htm,ok,https://docs.oracle.com/cd/doc.122/e49068.pdf
e49065,Process Manufacturing Process Planning User's Guide,This guide provides information about Process Planning in Process Manufacturing.,https://docs.oracle.com/cd/doc.122/e49065/toc.htm,ok,https://docs.oracle.com/cd/doc.122/e49065.pdf
e49064,Process Manufacturing Product Development User's Guide,This book provides information about Product Development in Process Manufacturing.,https://docs.oracle.com/cd/doc.122/e49064/toc.htm,ok,https://docs.oracle.com/cd/doc.122/e49064.pdf
e49067,Process Manufacturing Quality Management User's Guide,This book provides information about Quality Management for Process Manufacturing.,https://docs.oracle.com/cd/doc.122/e49067/toc.htm,ok,https://docs.oracle.com/cd/doc.122/e49067.pdf
e49056,Process Manufacturing Regulatory Management User's Guide,This guide provides user concepts and procedures for Oracle Process Manufacturing Regulatory Management.,https://docs.oracle.com/cd/doc.122/e49056/toc.htm,ok,https://docs.oracle.com/cd/doc.122/e49056.pdf
e49069,Process Manufacturing System Administration User's Guide,This guide describes the processes and procedures for Oracle Process Manufacturing Administration.,https://docs.oracle.com/cd/doc.122/e49069/toc.htm,ok,https://docs.oracle.com/cd/doc.122/e49069.pdf
e79124,Procurement Command Center Plus Process Guide,Oracle Procurement Command Center Plus Process Guide,https://docs.oracle.com/cd/doc.122/e79124/toc.htm,ok,https://docs.oracle.com/cd/doc.122/e79124.pdf
e48946,Procurement Contracts Implementation and Administration Guide,Describes implementation steps for Oracle Procurement Contracts.,https://docs.oracle.com/cd/doc.122/e48946/toc.htm,ok,https://docs.oracle.com/cd/doc.122/e48946.pdf
e48841,Product Hub Implementation Guide,This guide describes the implementation and setup of Oracle Product Hub.,https://docs.oracle.com/cd/doc.122/e48841/toc.htm,ok,https://docs.oracle.com/cd/doc.122/e48841.pdf
e48837,Product Hub User's Guide,Describes how to use the features available in Oracle Product Hub.,https://docs.oracle.com/cd/doc.122/e48837/toc.htm,ok,https://docs.oracle.com/cd/doc.122/e48837.pdf
e48797,Production Scheduling Implementation Guide,12.2.5 Release - GA Release October 2015.,https://docs.oracle.com/cd/doc.122/e48797/toc.htm,ok,https://docs.oracle.com/cd/doc.122/e48797.pdf
e48798,Production Scheduling Installation Guide,12.2.4 Release - GA Release August 2014.,https://docs.oracle.com/cd/doc.122/e48798/toc.htm,ok,https://docs.oracle.com/cd/doc.122/e48798.pdf
e49079,Project Billing User Guide,This guide describes the processes and procedures for using Oracle Project Billing. This Revision is targeted for Early Adopters.,https://docs.oracle.com/cd/doc.122/e49079/toc.htm,ok,https://docs.oracle.com/cd/doc.122/e49079.pdf
e48928,Project Contracts Implementation Guide,Describes the implementation steps for Oracle Project Contracts.,https://docs.oracle.com/cd/doc.122/e48928/toc.htm,ok,https://docs.oracle.com/cd/doc.122/e48928.pdf
e48960,Project Contracts User Guide,Describes the user steps for Oracle Project Contracts.,https://docs.oracle.com/cd/doc.122/e48960/toc.htm,ok,https://docs.oracle.com/cd/doc.122/e48960.pdf
e48918,Project Costing User's Guide,This guide describes the processes and procedures for using Oracle Project Costing.,https://docs.oracle.com/cd/doc.122/e48918/toc.htm,ok,https://docs.oracle.com/cd/doc.122/e48918.pdf
e48955,Project Manufacturing Implementation Guide,This guide provides implementation and administration concepts and procedures for Oracle Project Manufacturing.,https://docs.oracle.com/cd/doc.122/e48955/toc.htm,ok,https://docs.oracle.com/cd/doc.122/e48955.pdf
e48956,Project Manufacturing User's Guide,This guide provides user concepts and procedures for Oracle Project Manufacturing.,https://docs.oracle.com/cd/doc.122/e48956/toc.htm,ok,https://docs.oracle.com/cd/doc.122/e48956.pdf
e49016,Project Planning and Control User Guide,"PDF and This Revision of PJT UG is targeted for Early Adopter Release of G-Invoicing. Updated Patch Release details, September 2020.",https://docs.oracle.com/cd/doc.122/e49016/toc.htm,ok,https://docs.oracle.com/cd/doc.122/e49016.pdf
e49082,Project Portfolio Analysis User Guide,This guide provides user concepts and procedures for Oracle Project Portfolio Analysis.,https://docs.oracle.com/cd/doc.122/e49082/toc.htm,ok,https://docs.oracle.com/cd/doc.122/e49082.pdf
e79122,Project Procurement Command Center Plus Process Guide,Oracle Project Procurement Command Center Plus processes and procedures.,https://docs.oracle.com/cd/doc.122/e79122/toc.htm,ok,https://docs.oracle.com/cd/doc.122/e79122.pdf
e49083,Project Resource Management User Guide,This guide provides user concepts and procedures for Oracle Project Resource Management.,https://docs.oracle.com/cd/doc.122/e49083/toc.htm,ok,https://docs.oracle.com/cd/doc.122/e49083.pdf
e49018,Projects Fundamentals Guide,This guide describes the fundamentals of Oracle Projects.,https://docs.oracle.com/cd/doc.122/e49018/toc.htm,ok,https://docs.oracle.com/cd/doc.122/e49018.pdf
e49019,Projects Implementation Guide,This Revision includes changes made for Early Adopters for G-Invoicing.,https://docs.oracle.com/cd/doc.122/e49019/toc.htm,ok,https://docs.oracle.com/cd/doc.122/e49019.pdf
e48924,Property Manager Implementation Guide,This guide describes the implementation processes and procedures for Oracle Property Manager.,https://docs.oracle.com/cd/doc.122/e48924/toc.htm,ok,https://docs.oracle.com/cd/doc.122/e48924.pdf
e48922,Property Manager User's Guide,This guide describes the user processes and procedures for Oracle Property Manager.,https://docs.oracle.com/cd/doc.122/e48922/toc.htm,ok,https://docs.oracle.com/cd/doc.122/e48922.pdf
e49046,Proposals Implementation Guide,This guide describes the implementation processes and procedures for Oracle Proposals.,https://docs.oracle.com/cd/doc.122/e49046/toc.htm,ok,https://docs.oracle.com/cd/doc.122/e49046.pdf
e49037,Proposals User Guide,This guide describes the user processes and procedures for Oracle Proposals.,https://docs.oracle.com/cd/doc.122/e49037/toc.htm,ok,https://docs.oracle.com/cd/doc.122/e49037.pdf
e48814,Public Sector Financials (International) Implementation Guide,This guide contains implementation steps required for Oracle Public Sector Financials (International).,https://docs.oracle.com/cd/doc.122/e48814/toc.htm,ok,https://docs.oracle.com/cd/doc.122/e48814.pdf
e48808,Public Sector Financials (International) User Guide,This guide details the user processes and conceptual information for Oracle Public Sector Financials (International).,https://docs.oracle.com/cd/doc.122/e48808/toc.htm,ok,https://docs.oracle.com/cd/doc.122/e48808.pdf
e48793,Public Sector Financials User Guide,This guide provides user concepts and processes for Oracle Public Sector Financials.,https://docs.oracle.com/cd/doc.122/e48793/toc.htm,ok,https://docs.oracle.com/cd/doc.122/e48793.pdf
e48931,Purchasing User's Guide,Describes procurement management using Oracle Purchasing,https://docs.oracle.com/cd/doc.122/e48931/toc.htm,ok,https://docs.oracle.com/cd/doc.122/e48931.pdf
e48959,Quality Implementation Guide,This guide provides implementation and administration concepts and procedures for Oracle Quality.,https://docs.oracle.com/cd/doc.122/e48959/toc.htm,ok,https://docs.oracle.com/cd/doc.122/e48959.pdf
e48961,Quality User's Guide,"Provides information for users, administrators, and implementers of the Oracle Quality application.",https://docs.oracle.com/cd/doc.122/e48961/toc.htm,ok,https://docs.oracle.com/cd/doc.122/e48961.pdf
e49070,Quoting Implementation Guide,"Describes how to set up quote statuses to indicate the evolution of a quote to an order, define status transition rules, set up defaults for an operating unit, and define credit check rules.",https://docs.oracle.com/cd/doc.122/e49070/toc.htm,ok,https://docs.oracle.com/cd/doc.122/e49070.pdf
e49071,Quoting User Guide,"Describes how to create and modify quote templates, add and configure simple and related products, manage pricing and pricing adjustments, determine customer credit worthiness, and perform real-time global product availability checks.",https://docs.oracle.com/cd/doc.122/e49071/toc.htm,ok,https://docs.oracle.com/cd/doc.122/e49071.pdf
e48787,Rapid Planning Implementation and User's Guide,Presents Oracle Rapid Planning Implementation and User's Guide.,https://docs.oracle.com/cd/doc.122/e48787/toc.htm,ok,https://docs.oracle.com/cd/doc.122/e48787.pdf
e48788,Rapid Planning Installation Guide,12.2.5.1 Release October 2015 GA. Early archive due to P1 bug June 2015. There are no 12.2.5 changes.,https://docs.oracle.com/cd/doc.122/e48788/toc.htm,ok,https://docs.oracle.com/cd/doc.122/e48788.pdf
f10310,Receivables Implementation Guide,This guide describes the implementation processes and procedures for Oracle Receivables.,https://docs.oracle.com/cd/doc.122/f10310/toc.htm,ok,https://docs.oracle.com/cd/doc.122/f10310.pdf
f10312,Receivables Reference Guide,This guide describes the reference documentation for Oracle Receivables.,https://docs.oracle.com/cd/doc.122/f10312/toc.htm,ok,https://docs.oracle.com/cd/doc.122/f10312.pdf
f10570,Receivables User Guide,This guide provides user concepts and procedures for Oracle Receivables.,https://docs.oracle.com/cd/doc.122/f10570/toc.htm,ok,https://docs.oracle.com/cd/doc.122/f10570.pdf
e48840,Receivables: Golden Tax Adaptor for Mainland China User's Guide,This guide provides user concepts and procedures for Oracle Receivables: Golden Tax Adaptor for Mainland China.,https://docs.oracle.com/cd/doc.122/e48840/toc.htm,ok,https://docs.oracle.com/cd/doc.122/e48840.pdf
e48848,Release Management Implementation Manual,This guide details the processes and procedures for implementing Oracle Release Management.,https://docs.oracle.com/cd/doc.122/e48848/toc.htm,ok,https://docs.oracle.com/cd/doc.122/e48848.pdf
e48849,Release Management User's Guide,This guide details the processes and procedures for using Oracle Release Management.,https://docs.oracle.com/cd/doc.122/e48849/toc.htm,ok,https://docs.oracle.com/cd/doc.122/e48849.pdf
e22006,Report Manager User's Guide,Describes how to produce and manage point-in-time reports with Oracle Report Manager.,https://docs.oracle.com/cd/doc.122/e22006/toc.htm,ok,https://docs.oracle.com/cd/doc.122/e22006.pdf
e48990,Sales Contracts Implementation and Administration Guide,Describes the implementation steps for Oracle Sales Contracts.,https://docs.oracle.com/cd/doc.122/e48990/toc.htm,ok,https://docs.oracle.com/cd/doc.122/e48990.pdf
e49034,Sales for Handhelds Implementation Guide,This guide describes the implementation processes and procedures for Oracle Sales for Handhelds.,https://docs.oracle.com/cd/doc.122/e49034/toc.htm,ok,https://docs.oracle.com/cd/doc.122/e49034.pdf
e49033,Sales for Handhelds User Guide,This guide describes the user processes and procedures for Oracle Sales for Handhelds.,https://docs.oracle.com/cd/doc.122/e49033/toc.htm,ok,https://docs.oracle.com/cd/doc.122/e49033.pdf
e49032,Sales Implementation Guide,This guide describes the implementation processes and procedures for Oracle Sales.,https://docs.oracle.com/cd/doc.122/e49032/toc.htm,ok,https://docs.oracle.com/cd/doc.122/e49032.pdf
e49031,Sales Offline Implementation Guide,This guide describes the implementation processes and procedures for Oracle Sales Offline.,https://docs.oracle.com/cd/doc.122/e49031/toc.htm,ok,https://docs.oracle.com/cd/doc.122/e49031.pdf
e49029,Sales Offline User Guide,This guide describes the user processes and procedures for Oracle Sales Offline.,https://docs.oracle.com/cd/doc.122/e49029/toc.htm,ok,https://docs.oracle.com/cd/doc.122/e49029.pdf
e49026,Sales User Guide,This guide provides user processes and procedures for Oracle Sales.,https://docs.oracle.com/cd/doc.122/e49026/toc.htm,ok,https://docs.oracle.com/cd/doc.122/e49026.pdf
e49094,Scripting Developer's Guide,This guide details the development processes and procedures for Oracle Scripting.,https://docs.oracle.com/cd/doc.122/e49094/toc.htm,ok,https://docs.oracle.com/cd/doc.122/e49094.pdf
e49093,Scripting Implementation Guide,This guide describes the implementation processes and procedures for Oracle Scripting.,https://docs.oracle.com/cd/doc.122/e49093/toc.htm,ok,https://docs.oracle.com/cd/doc.122/e49093.pdf
e49092,Scripting User Guide,This guide describes the user processes and procedures for Oracle Scripting.,https://docs.oracle.com/cd/doc.122/e49092/toc.htm,ok,https://docs.oracle.com/cd/doc.122/e49092.pdf
e59068,Self-Service Human Resources Deploy Self-Service Capability Guide,"Provides information on how to set up and use self-service human resources (SSHR) functions for managers, HR Professionals, and employees.",https://docs.oracle.com/cd/doc.122/e59068/toc.htm,ok,https://docs.oracle.com/cd/doc.122/e59068.pdf
e48995,Service Contracts Implementation Guide,Describes implementation steps for Oracle Service Contracts. This guide contains the referenced Enterprise Command Center content.,https://docs.oracle.com/cd/doc.122/e48995/toc.htm,ok,https://docs.oracle.com/cd/doc.122/e48995.pdf
e48992,Service Contracts User Guide,Describes user processes for Oracle Service Contracts. This guide contains the referenced Enterprise Command Center content.,https://docs.oracle.com/cd/doc.122/e48992/toc.htm,ok,https://docs.oracle.com/cd/doc.122/e48992.pdf
e49149,Service Fulfillment Manager Concepts and Procedures,This guide provides concepts and procedures for Oracle Service Fulfillment Manager.,https://docs.oracle.com/cd/doc.122/e49149/toc.htm,ok,https://docs.oracle.com/cd/doc.122/e49149.pdf
e49150,Service Fulfillment Manager Implementation Guide,This guide provides implementation and administration concepts and procedures for Oracle Service Fulfillment Manager.,https://docs.oracle.com/cd/doc.122/e49150/toc.htm,ok,https://docs.oracle.com/cd/doc.122/e49150.pdf
e48778,Service Parts Planning Implementation and User's Guide,Presents Oracle Service Parts Planning Implementation and User's Guide.,https://docs.oracle.com/cd/doc.122/e48778/toc.htm,ok,https://docs.oracle.com/cd/doc.122/e48778.pdf
e68109,Services Procurement Process Guide,"This guide details the process of implementing, setting up, and using Oracle Services Procurement.",https://docs.oracle.com/cd/doc.122/e68109/toc.htm,ok,https://docs.oracle.com/cd/doc.122/e68109.pdf
e48847,Shipping Execution User's Guide,Provides information on how to use the Oracle Shipping Execution application.,https://docs.oracle.com/cd/doc.122/e48847/toc.htm,ok,https://docs.oracle.com/cd/doc.122/e48847.pdf
e48944,Shop Floor Management User's Guide,This guide describes the user processes and procedures for Oracle Shop Floor Management.,https://docs.oracle.com/cd/doc.122/e48944/toc.htm,ok,https://docs.oracle.com/cd/doc.122/e48944.pdf
e48967,Sourcing Implementation and Administration Guide,This guide contains implementation and administration processes and procedures for Oracle Sourcing.,https://docs.oracle.com/cd/doc.122/e48967/toc.htm,ok,https://docs.oracle.com/cd/doc.122/e48967.pdf
e48968,Sourcing User's Guide,Oracle Sourcing user processes and procedures.,https://docs.oracle.com/cd/doc.122/e48968/toc.htm,ok,https://docs.oracle.com/cd/doc.122/e48968.pdf
e49147,Spares Management User Guide,"Provides information for users, administrators, and implementers, of the Oracle Field Service Spares Management application.",https://docs.oracle.com/cd/doc.122/e49147/toc.htm,ok,https://docs.oracle.com/cd/doc.122/e49147.pdf
e48785,Strategic Network Optimization Implementation Guide,12.2.2 Release - GA Release September 2013.,https://docs.oracle.com/cd/doc.122/e48785/toc.htm,ok,https://docs.oracle.com/cd/doc.122/e48785.pdf
e48786,Strategic Network Optimization Installation Guide,12.2.2 Release - GA Release September 2013.,https://docs.oracle.com/cd/doc.122/e48786/toc.htm,ok,https://docs.oracle.com/cd/doc.122/e48786.pdf
e48771,Subledger Accounting Implementation Guide,Describes Oracle Subledger Accounting Implementation and Procedures,https://docs.oracle.com/cd/doc.122/e48771/toc.htm,ok,https://docs.oracle.com/cd/doc.122/e48771.pdf
e59066,Succession Planning Implementation and User Guide,Discusses how to how to set up and use Succession Planning functions.,https://docs.oracle.com/cd/doc.122/e59066/toc.htm,ok,https://docs.oracle.com/cd/doc.122/e59066.pdf
e48850,Supplier Management Implementation and Administration Guide,This guide details the implementation and administration processes and considerations for Oracle E-Business Suite Supplier Management.,https://docs.oracle.com/cd/doc.122/e48850/toc.htm,ok,https://docs.oracle.com/cd/doc.122/e48850.pdf
e48851,Supplier Management User's Guide,Oracle Supplier Management processes and procedures.,https://docs.oracle.com/cd/doc.122/e48851/toc.htm,ok,https://docs.oracle.com/cd/doc.122/e48851.pdf
e49080,Supplier Ship and Debit Implementation Guide,This guide provides implementation and administration concepts and procedures for Oracle Supplier Ship and Debit.,https://docs.oracle.com/cd/doc.122/e49080/toc.htm,ok,https://docs.oracle.com/cd/doc.122/e49080.pdf
e49081,Supplier Ship and Debit User Guide,This guide describes the user processes and procedures for Oracle Supplier Ship and Debit.,https://docs.oracle.com/cd/doc.122/e49081/toc.htm,ok,https://docs.oracle.com/cd/doc.122/e49081.pdf
e49151,Telecommunications Billing Integrator Implementation Guide,This guide describes implementation processes and procedures for Oracle Telecommunications Billing Integrator.,https://docs.oracle.com/cd/doc.122/e49151/toc.htm,ok,https://docs.oracle.com/cd/doc.122/e49151.pdf
e49084,Telecommunications Service Ordering Process Guide,This guide provides the processes and procedures for Oracle Telecommunications Service Ordering.,https://docs.oracle.com/cd/doc.122/e49084/toc.htm,ok,https://docs.oracle.com/cd/doc.122/e49084.pdf
e49091,Telephony Adapter SDK Developers Reference Guide,This guide contains developer reference for Oracle Telephony Adapter Software Development Kit (SDK).,https://docs.oracle.com/cd/doc.122/e49091/toc.htm,ok,https://docs.oracle.com/cd/doc.122/e49091.pdf
e49023,TeleSales Implementation Guide,This guide provides implementation processes and procedures for Oracle TeleSales.,https://docs.oracle.com/cd/doc.122/e49023/toc.htm,ok,https://docs.oracle.com/cd/doc.122/e49023.pdf
e49020,TeleSales User Guide,This guide describes the user processes and procedures for Oracle TeleSales.,https://docs.oracle.com/cd/doc.122/e49020/toc.htm,ok,https://docs.oracle.com/cd/doc.122/e49020.pdf
e48987,TeleService Implementation and User Guide,Provides the information to implement and use Oracle TeleService. Includes information about the Oracle Service Command Center.,https://docs.oracle.com/cd/doc.122/e48987/toc.htm,ok,https://docs.oracle.com/cd/doc.122/e48987.pdf
e48989,Territory Manager Implementation Guide,This guide details the implementation processes and procedures for Oracle Territory Manager.,https://docs.oracle.com/cd/doc.122/e48989/toc.htm,ok,https://docs.oracle.com/cd/doc.122/e48989.pdf
e48991,Territory Manager User Guide,This guide details the user processes and procedures for Oracle Territory Manager.,https://docs.oracle.com/cd/doc.122/e48991/toc.htm,ok,https://docs.oracle.com/cd/doc.122/e48991.pdf
e59070,Time & Labor Implementation and User Guide,Oracle Time & Labor Implementation and User Guide,https://docs.oracle.com/cd/doc.122/e59070/toc.htm,ok,https://docs.oracle.com/cd/doc.122/e59070.pdf
e48940,Trading Community Architecture Administration Guide,"Describes how to define entities in the TCA Registry, create relationships, search, prevent duplication, and control access. In addition,this guide explains how to define time zones and phone formats, configure adapters for the processing of data in the TCA Registry, define sources that provide data for specific entities, and create user-defined attributes to extend the registry.",https://docs.oracle.com/cd/doc.122/e48940/toc.htm,ok,https://docs.oracle.com/cd/doc.122/e48940.pdf
e48941,Trading Community Architecture Reference Guide,"Provides Trading Community Architecture information about interface tables, Dun & Bradstreet data element mapping, seeded data, and web services.",https://docs.oracle.com/cd/doc.122/e48941/toc.htm,ok,https://docs.oracle.com/cd/doc.122/e48941.pdf
e48943,Trading Community Architecture Technical Implementation Guide,Provides technical information on the various integration features such as APIs and business events that you can use to connect into external systems and transact data between these systems through a data hub using the Trading Community Architecture data model.,https://docs.oracle.com/cd/doc.122/e48943/toc.htm,ok,https://docs.oracle.com/cd/doc.122/e48943.pdf
e48950,Trading Community Architecture User Guide,Describes how to use Oracle Trading Community Architecture.,https://docs.oracle.com/cd/doc.122/e48950/toc.htm,ok,https://docs.oracle.com/cd/doc.122/e48950.pdf
e48827,Transportation Management Integrating Oracle Transportation Management with Oracle E-Business Suite Integration Guide,This guide describes the processes and procedures for integrating Oracle Transportation Management with Oracle E-Business Suite.,https://docs.oracle.com/cd/doc.122/e48827/toc.htm,ok,https://docs.oracle.com/cd/doc.122/e48827.pdf
e48862,Treasury User Guide,This guide describes the user procedures for Oracle Treasury.,https://docs.oracle.com/cd/doc.122/e48862/toc.htm,ok,https://docs.oracle.com/cd/doc.122/e48862.pdf
e48804,U.S. Federal Financials Implementation Guide,This guide describes the implementation processes for Oracle E-Business Suite U.S. Federal Financials.,https://docs.oracle.com/cd/doc.122/e48804/toc.htm,ok,https://docs.oracle.com/cd/doc.122/e48804.pdf
e48796,U.S. Federal Financials User Guide,Oracle U.S. Federal Financials User Guide,https://docs.oracle.com/cd/doc.122/e48796/toc.htm,ok,https://docs.oracle.com/cd/doc.122/e48796.pdf
e48975,Universal Work Queue Implementation Guide,This guide details the implementation processes and procedures for Oracle Universal Work Queue,https://docs.oracle.com/cd/doc.122/e48975/toc.htm,ok,https://docs.oracle.com/cd/doc.122/e48975.pdf
e48979,Universal Work Queue User Guide,This guide details the user processes and procedures for Oracle Universal Work Queue.,https://docs.oracle.com/cd/doc.122/e48979/toc.htm,ok,https://docs.oracle.com/cd/doc.122/e48979.pdf
e59081,US Federal Human Resources Compensation and Benefits Management Guide,Oracle US Federal Human Resources Compensation and Benefits Management Guide,https://docs.oracle.com/cd/doc.122/e59081/toc.htm,ok,https://docs.oracle.com/cd/doc.122/e59081.pdf
e59082,"US Federal Human Resources Configuring, Reporting, and System Administration","Oracle US Federal Human Resources Configuring, Reporting, and System Administration",https://docs.oracle.com/cd/doc.122/e59082/toc.htm,ok,https://docs.oracle.com/cd/doc.122/e59082.pdf
e59083,US Federal Human Resources Enterprise and Workforce Management Guide,Oracle US Federal Human Resources Enterprise and Workforce Management Guide,https://docs.oracle.com/cd/doc.122/e59083/toc.htm,ok,https://docs.oracle.com/cd/doc.122/e59083.pdf
e59084,US Federal Human Resources Implementation Guide,Oracle US Federal Human Resources Implementation Guide,https://docs.oracle.com/cd/doc.122/e59084/toc.htm,ok,https://docs.oracle.com/cd/doc.122/e59084.pdf
e59085,"US Federal Human Resources Workforce Sourcing, Deployment, and Talent Management Guide","Oracle US Federal Human Resources Workforce Sourcing, Deployment, and Talent Management Guide",https://docs.oracle.com/cd/doc.122/e59085/toc.htm,ok,https://docs.oracle.com/cd/doc.122/e59085.pdf
e48791,Value Chain Planning Collections Implementation Guide,Presents Oracle Value Chain Planning Collections Implementation Guide.,https://docs.oracle.com/cd/doc.122/e48791/toc.htm,ok,https://docs.oracle.com/cd/doc.122/e48791.pdf
e48790,Value Chain Planning Installation Guide,Presents Oracle Value Chain Planning Installation Guide.,https://docs.oracle.com/cd/doc.122/e48790/toc.htm,ok,https://docs.oracle.com/cd/doc.122/e48790.pdf
e48828,Warehouse Management Implementation Guide,This guide describes the processes and procedures for implementing Oracle Warehouse Management.,https://docs.oracle.com/cd/doc.122/e48828/toc.htm,ok,https://docs.oracle.com/cd/doc.122/e48828.pdf
e48830,Warehouse Management User's Guide,This guide describes the processes and procedures for using Oracle Warehouse Management. Updated with the latest mobile screenshots from release 12.2.15.,https://docs.oracle.com/cd/doc.122/e48830/toc.htm,ok,https://docs.oracle.com/cd/doc.122/e48830.pdf
e22007,Web Applications Desktop Integrator Implementation and Administration Guide,Describes how to implement Oracle Web Applications Desktop Integrator and work with spreadsheets.,https://docs.oracle.com/cd/doc.122/e22007/toc.htm,ok,https://docs.oracle.com/cd/doc.122/e22007.pdf
e48905,Work In Process User's Guide,This guide provides user concepts and procedures for Oracle Work in Process (WIP).,https://docs.oracle.com/cd/doc.122/e48905/toc.htm,ok,https://docs.oracle.com/cd/doc.122/e48905.pdf
e22008,Workflow Administrator's Guide,Describes how to set up Oracle Workflow and manage workflow processes and business events.,https://docs.oracle.com/cd/doc.122/e22008/toc.htm,ok,https://docs.oracle.com/cd/doc.122/e22008.pdf
e22009,Workflow API Reference,Describes the APIs provided for developers and administrators to access Oracle Workflow.,https://docs.oracle.com/cd/doc.122/e22009/toc.htm,ok,https://docs.oracle.com/cd/doc.122/e22009.pdf
e22010,Workflow Client Installation Guide,Describes how to install the Oracle Workflow and Oracle XML Gateway development clients.,https://docs.oracle.com/cd/doc.122/e22010/toc.htm,ok,https://docs.oracle.com/cd/doc.122/e22010.pdf
e22011,Workflow Developer's Guide,"Describes how to develop Oracle E-Business Suite workflow processes, as well as business events and event subscriptions.",https://docs.oracle.com/cd/doc.122/e22011/toc.htm,ok,https://docs.oracle.com/cd/doc.122/e22011.pdf
e22012,Workflow User's Guide,Describes how users can view and respond to workflow notifications and monitor the progress of their workflow processes.,https://docs.oracle.com/cd/doc.122/e22012/toc.htm,ok,https://docs.oracle.com/cd/doc.122/e22012.pdf
e20929,XML Gateway User's Guide,"This guide describes Oracle XML Gateway functionality and each component of the Oracle XML Gateway architecture. The integrations with Oracle Workflow Business Event System, and the Business-to-Business transactions are also addressed in this guide.",https://docs.oracle.com/cd/doc.122/e20929/toc.htm,ok,https://docs.oracle.com/cd/doc.122/e20929.pdf
e53453,Yard Management Process Guide,This guide provides details for implementing and using Oracle Yard Management.,https://docs.oracle.com/cd/doc.122/e53453/toc.htm,ok,https://docs.oracle.com/cd/doc.122/e53453.pdf
